TransactionID,Timestamp,MerchantID
1.0,2022-01-01 00:00:00,2580.0
,2022-01-01 01:00:00,2770.0
3.0,2022-01-01 02:00:00,2495.0
4.0,2022-01-01 03:00:00,2607.0
5.0,2022-01-01 04:00:00,2286.0
6.0,2022-01-01 05:00:00,2137.0
7.0,2022-01-01 06:00:00,2405.0
8.0,2022-01-01 07:00:00,2684.0
9.0,2022-01-01 08:00:00,2972.0
10.0,2022-01-01 09:00:00,2023.0
11.0,2022-01-01 10:00:00,2451.0
12.0,2022-01-01 11:00:00,2540.0
13.0,2022-01-01 12:00:00,2198.0
,2022-01-01 13:00:00,2108.0
15.0,2022-01-01 14:00:00,2336.0
16.0,2022-01-01 15:00:00,2992.0
17.0,,2460.0
18.0,2022-01-01 17:00:00,2010.0
19.0,2022-01-01 18:00:00,2763.0
20.0,2022-01-01 19:00:00,2088.0
21.0,2022-01-01 20:00:00,2717.0
22.0,2022-01-01 21:00:00,2303.0
23.0,2022-01-01 22:00:00,2709.0
24.0,2022-01-01 23:00:00,2294.0
25.0,2022-01-02 00:00:00,2575.0
26.0,2022-01-02 01:00:00,2941.0
27.0,2022-01-02 02:00:00,2137.0
28.0,2022-01-02 03:00:00,2902.0
29.0,2022-01-02 04:00:00,2821.0
30.0,2022-01-02 05:00:00,2193.0
31.0,2022-01-02 06:00:00,2098.0
32.0,2022-01-02 07:00:00,2663.0
33.0,2022-01-02 08:00:00,2760.0
34.0,2022-01-02 09:00:00,2317.0
35.0,2022-01-02 10:00:00,2732.0
36.0,2022-01-02 11:00:00,2116.0
37.0,2022-01-02 12:00:00,2332.0
,2022-01-02 13:00:00,2586.0
39.0,2022-01-02 14:00:00,2537.0
40.0,2022-01-02 15:00:00,2616.0
41.0,2022-01-02 16:00:00,2963.0
42.0,2022-01-02 17:00:00,2218.0
43.0,2022-01-02 18:00:00,2954.0
44.0,2022-01-02 19:00:00,2240.0
45.0,2022-01-02 20:00:00,2873.0
46.0,2022-01-02 21:00:00,2446.0
47.0,2022-01-02 22:00:00,2394.0
48.0,2022-01-02 23:00:00,2962.0
49.0,2022-01-03 00:00:00,2571.0
50.0,2022-01-03 01:00:00,2058.0
51.0,2022-01-03 02:00:00,
52.0,2022-01-03 03:00:00,2087.0
53.0,2022-01-03 04:00:00,2476.0
54.0,,2459.0
55.0,2022-01-03 06:00:00,2445.0
56.0,2022-01-03 07:00:00,2321.0
57.0,2022-01-03 08:00:00,2916.0
58.0,2022-01-03 09:00:00,2367.0
59.0,2022-01-03 10:00:00,2970.0
60.0,2022-01-03 11:00:00,
61.0,2022-01-03 12:00:00,2120.0
62.0,2022-01-03 13:00:00,2251.0
63.0,2022-01-03 14:00:00,2518.0
64.0,,2712.0
65.0,,2685.0
66.0,2022-01-03 17:00:00,2101.0
67.0,,2082.0
,2022-01-03 19:00:00,2991.0
69.0,2022-01-03 20:00:00,2997.0
70.0,2022-01-03 21:00:00,2051.0
71.0,2022-01-03 22:00:00,2889.0
72.0,2022-01-03 23:00:00,2715.0
73.0,2022-01-04 00:00:00,2849.0
,2022-01-04 01:00:00,2111.0
75.0,2022-01-04 02:00:00,2564.0
76.0,2022-01-04 03:00:00,2656.0
77.0,2022-01-04 04:00:00,2226.0
78.0,2022-01-04 05:00:00,2703.0
79.0,2022-01-04 06:00:00,
80.0,,2091.0
,2022-01-04 08:00:00,2928.0
82.0,2022-01-04 09:00:00,2672.0
83.0,2022-01-04 10:00:00,2004.0
84.0,2022-01-04 11:00:00,2475.0
85.0,2022-01-04 12:00:00,2481.0
86.0,2022-01-04 13:00:00,2639.0
,2022-01-04 14:00:00,2305.0
88.0,2022-01-04 15:00:00,
89.0,2022-01-04 16:00:00,2958.0
90.0,2022-01-04 17:00:00,2591.0
91.0,2022-01-04 18:00:00,2520.0
92.0,2022-01-04 19:00:00,2215.0
93.0,2022-01-04 20:00:00,2195.0
94.0,2022-01-04 21:00:00,2614.0
95.0,2022-01-04 22:00:00,2656.0
,2022-01-04 23:00:00,2017.0
97.0,2022-01-05 00:00:00,2153.0
98.0,2022-01-05 01:00:00,2557.0
99.0,2022-01-05 02:00:00,2910.0
100.0,2022-01-05 03:00:00,2799.0
101.0,,2575.0
102.0,2022-01-05 05:00:00,2956.0
103.0,2022-01-05 06:00:00,2245.0
104.0,2022-01-05 07:00:00,2765.0
105.0,2022-01-05 08:00:00,2870.0
106.0,2022-01-05 09:00:00,2996.0
107.0,2022-01-05 10:00:00,2578.0
108.0,,2355.0
109.0,,2900.0
110.0,2022-01-05 13:00:00,2677.0
111.0,,2853.0
112.0,2022-01-05 15:00:00,
113.0,2022-01-05 16:00:00,2848.0
114.0,2022-01-05 17:00:00,2931.0
115.0,2022-01-05 18:00:00,2326.0
116.0,2022-01-05 19:00:00,2983.0
117.0,2022-01-05 20:00:00,2228.0
118.0,2022-01-05 21:00:00,2222.0
119.0,2022-01-05 22:00:00,2576.0
120.0,,
121.0,2022-01-06 00:00:00,
,2022-01-06 01:00:00,2999.0
123.0,2022-01-06 02:00:00,2289.0
124.0,2022-01-06 03:00:00,2166.0
125.0,2022-01-06 04:00:00,2919.0
126.0,2022-01-06 05:00:00,2806.0
127.0,2022-01-06 06:00:00,2957.0
128.0,2022-01-06 07:00:00,2805.0
129.0,2022-01-06 08:00:00,2436.0
130.0,2022-01-06 09:00:00,2308.0
131.0,2022-01-06 10:00:00,2110.0
132.0,2022-01-06 11:00:00,
133.0,2022-01-06 12:00:00,2412.0
134.0,2022-01-06 13:00:00,2356.0
135.0,2022-01-06 14:00:00,2504.0
136.0,2022-01-06 15:00:00,2913.0
137.0,2022-01-06 16:00:00,2876.0
138.0,2022-01-06 17:00:00,2710.0
139.0,2022-01-06 18:00:00,2517.0
140.0,2022-01-06 19:00:00,2609.0
141.0,2022-01-06 20:00:00,2156.0
142.0,2022-01-06 21:00:00,2179.0
143.0,2022-01-06 22:00:00,2107.0
144.0,2022-01-06 23:00:00,2710.0
145.0,2022-01-07 00:00:00,2083.0
146.0,2022-01-07 01:00:00,2379.0
147.0,2022-01-07 02:00:00,2288.0
148.0,2022-01-07 03:00:00,2459.0
149.0,2022-01-07 04:00:00,2442.0
150.0,2022-01-07 05:00:00,2541.0
151.0,2022-01-07 06:00:00,2403.0
152.0,2022-01-07 07:00:00,2338.0
153.0,2022-01-07 08:00:00,2167.0
154.0,2022-01-07 09:00:00,2461.0
155.0,2022-01-07 10:00:00,2746.0
156.0,2022-01-07 11:00:00,2184.0
157.0,2022-01-07 12:00:00,2160.0
158.0,2022-01-07 13:00:00,2065.0
159.0,2022-01-07 14:00:00,
160.0,2022-01-07 15:00:00,2536.0
161.0,2022-01-07 16:00:00,2689.0
,2022-01-07 17:00:00,2204.0
163.0,,2255.0
164.0,2022-01-07 19:00:00,2364.0
165.0,2022-01-07 20:00:00,2844.0
166.0,2022-01-07 21:00:00,2264.0
167.0,2022-01-07 22:00:00,2979.0
168.0,2022-01-07 23:00:00,2416.0
169.0,2022-01-08 00:00:00,2554.0
170.0,2022-01-08 01:00:00,2731.0
171.0,2022-01-08 02:00:00,2183.0
172.0,2022-01-08 03:00:00,2448.0
173.0,2022-01-08 04:00:00,2269.0
174.0,2022-01-08 05:00:00,2423.0
175.0,2022-01-08 06:00:00,2507.0
176.0,2022-01-08 07:00:00,2304.0
177.0,2022-01-08 08:00:00,2475.0
178.0,2022-01-08 09:00:00,2679.0
179.0,,2120.0
180.0,2022-01-08 11:00:00,2625.0
181.0,,2906.0
182.0,2022-01-08 13:00:00,2278.0
183.0,2022-01-08 14:00:00,2314.0
184.0,2022-01-08 15:00:00,2120.0
185.0,2022-01-08 16:00:00,2832.0
186.0,2022-01-08 17:00:00,2540.0
187.0,2022-01-08 18:00:00,2805.0
188.0,2022-01-08 19:00:00,2463.0
189.0,2022-01-08 20:00:00,2986.0
190.0,2022-01-08 21:00:00,2941.0
191.0,,2460.0
192.0,2022-01-08 23:00:00,2355.0
193.0,2022-01-09 00:00:00,2017.0
194.0,2022-01-09 01:00:00,2322.0
195.0,2022-01-09 02:00:00,2123.0
196.0,2022-01-09 03:00:00,2845.0
197.0,2022-01-09 04:00:00,2197.0
198.0,2022-01-09 05:00:00,2422.0
199.0,2022-01-09 06:00:00,2757.0
200.0,2022-01-09 07:00:00,2235.0
201.0,2022-01-09 08:00:00,2706.0
202.0,2022-01-09 09:00:00,2362.0
203.0,2022-01-09 10:00:00,2470.0
204.0,2022-01-09 11:00:00,2650.0
205.0,2022-01-09 12:00:00,2472.0
206.0,2022-01-09 13:00:00,2809.0
207.0,,2033.0
208.0,2022-01-09 15:00:00,2142.0
209.0,2022-01-09 16:00:00,2399.0
210.0,2022-01-09 17:00:00,2048.0
211.0,2022-01-09 18:00:00,2031.0
212.0,2022-01-09 19:00:00,2507.0
213.0,2022-01-09 20:00:00,2446.0
214.0,2022-01-09 21:00:00,2809.0
215.0,2022-01-09 22:00:00,2583.0
216.0,2022-01-09 23:00:00,2503.0
217.0,2022-01-10 00:00:00,2940.0
,2022-01-10 01:00:00,2514.0
219.0,2022-01-10 02:00:00,2196.0
220.0,,2963.0
221.0,2022-01-10 04:00:00,2342.0
222.0,2022-01-10 05:00:00,2588.0
223.0,,2356.0
224.0,2022-01-10 07:00:00,2367.0
225.0,2022-01-10 08:00:00,2985.0
226.0,2022-01-10 09:00:00,2163.0
227.0,2022-01-10 10:00:00,2466.0
228.0,2022-01-10 11:00:00,
229.0,2022-01-10 12:00:00,2427.0
230.0,,2890.0
231.0,2022-01-10 14:00:00,2984.0
232.0,2022-01-10 15:00:00,2434.0
233.0,2022-01-10 16:00:00,2167.0
234.0,,2053.0
235.0,2022-01-10 18:00:00,2450.0
236.0,2022-01-10 19:00:00,2594.0
237.0,2022-01-10 20:00:00,2797.0
238.0,2022-01-10 21:00:00,2018.0
239.0,2022-01-10 22:00:00,2231.0
240.0,2022-01-10 23:00:00,2519.0
241.0,2022-01-11 00:00:00,2026.0
242.0,2022-01-11 01:00:00,2055.0
243.0,2022-01-11 02:00:00,2451.0
244.0,2022-01-11 03:00:00,2139.0
245.0,2022-01-11 04:00:00,2763.0
246.0,2022-01-11 05:00:00,2518.0
247.0,2022-01-11 06:00:00,2176.0
248.0,2022-01-11 07:00:00,2914.0
249.0,2022-01-11 08:00:00,2806.0
250.0,2022-01-11 09:00:00,2699.0
251.0,2022-01-11 10:00:00,2505.0
252.0,,2673.0
253.0,2022-01-11 12:00:00,2909.0
254.0,2022-01-11 13:00:00,2843.0
255.0,2022-01-11 14:00:00,
256.0,2022-01-11 15:00:00,2522.0
257.0,2022-01-11 16:00:00,2882.0
258.0,2022-01-11 17:00:00,2020.0
259.0,2022-01-11 18:00:00,2462.0
260.0,2022-01-11 19:00:00,2804.0
261.0,2022-01-11 20:00:00,2227.0
262.0,2022-01-11 21:00:00,2485.0
263.0,2022-01-11 22:00:00,
264.0,2022-01-11 23:00:00,2967.0
265.0,2022-01-12 00:00:00,2737.0
266.0,2022-01-12 01:00:00,2310.0
267.0,2022-01-12 02:00:00,2803.0
268.0,2022-01-12 03:00:00,2027.0
269.0,2022-01-12 04:00:00,2338.0
270.0,2022-01-12 05:00:00,
271.0,2022-01-12 06:00:00,2672.0
272.0,2022-01-12 07:00:00,2044.0
273.0,2022-01-12 08:00:00,2282.0
274.0,2022-01-12 09:00:00,2955.0
275.0,2022-01-12 10:00:00,2141.0
276.0,2022-01-12 11:00:00,2142.0
277.0,2022-01-12 12:00:00,2981.0
278.0,2022-01-12 13:00:00,2755.0
279.0,2022-01-12 14:00:00,2341.0
,,2501.0
281.0,2022-01-12 16:00:00,2595.0
282.0,2022-01-12 17:00:00,2172.0
283.0,2022-01-12 18:00:00,2352.0
284.0,2022-01-12 19:00:00,
285.0,2022-01-12 20:00:00,2040.0
286.0,2022-01-12 21:00:00,2326.0
287.0,2022-01-12 22:00:00,2887.0
288.0,2022-01-12 23:00:00,2509.0
289.0,2022-01-13 00:00:00,2707.0
290.0,2022-01-13 01:00:00,2223.0
291.0,2022-01-13 02:00:00,2228.0
292.0,2022-01-13 03:00:00,2031.0
293.0,2022-01-13 04:00:00,2857.0
294.0,2022-01-13 05:00:00,2219.0
295.0,2022-01-13 06:00:00,2912.0
296.0,2022-01-13 07:00:00,2137.0
297.0,2022-01-13 08:00:00,2421.0
298.0,2022-01-13 09:00:00,2737.0
299.0,2022-01-13 10:00:00,2349.0
300.0,2022-01-13 11:00:00,2431.0
301.0,2022-01-13 12:00:00,2947.0
302.0,,2535.0
303.0,2022-01-13 14:00:00,2587.0
304.0,2022-01-13 15:00:00,2368.0
,2022-01-13 16:00:00,2123.0
306.0,2022-01-13 17:00:00,2794.0
307.0,2022-01-13 18:00:00,2815.0
308.0,2022-01-13 19:00:00,2402.0
309.0,2022-01-13 20:00:00,2219.0
310.0,2022-01-13 21:00:00,2548.0
311.0,2022-01-13 22:00:00,2255.0
312.0,2022-01-13 23:00:00,2629.0
313.0,2022-01-14 00:00:00,2238.0
314.0,2022-01-14 01:00:00,2134.0
315.0,2022-01-14 02:00:00,2240.0
316.0,2022-01-14 03:00:00,2557.0
317.0,2022-01-14 04:00:00,2166.0
318.0,2022-01-14 05:00:00,2588.0
319.0,2022-01-14 06:00:00,2825.0
320.0,2022-01-14 07:00:00,2879.0
321.0,2022-01-14 08:00:00,2362.0
322.0,2022-01-14 09:00:00,2248.0
323.0,2022-01-14 10:00:00,2560.0
324.0,,2073.0
325.0,2022-01-14 12:00:00,2909.0
326.0,2022-01-14 13:00:00,2409.0
327.0,2022-01-14 14:00:00,2929.0
328.0,2022-01-14 15:00:00,2308.0
329.0,2022-01-14 16:00:00,2530.0
330.0,2022-01-14 17:00:00,
331.0,2022-01-14 18:00:00,2842.0
332.0,2022-01-14 19:00:00,2867.0
333.0,,2623.0
334.0,2022-01-14 21:00:00,2125.0
335.0,2022-01-14 22:00:00,2241.0
336.0,2022-01-14 23:00:00,
337.0,2022-01-15 00:00:00,2265.0
338.0,2022-01-15 01:00:00,2332.0
339.0,2022-01-15 02:00:00,2858.0
340.0,2022-01-15 03:00:00,2311.0
341.0,2022-01-15 04:00:00,2776.0
342.0,2022-01-15 05:00:00,2533.0
343.0,2022-01-15 06:00:00,2661.0
344.0,2022-01-15 07:00:00,2446.0
345.0,2022-01-15 08:00:00,2870.0
346.0,2022-01-15 09:00:00,2877.0
347.0,2022-01-15 10:00:00,2492.0
348.0,2022-01-15 11:00:00,2783.0
349.0,,2818.0
350.0,2022-01-15 13:00:00,2049.0
351.0,2022-01-15 14:00:00,
352.0,2022-01-15 15:00:00,2184.0
353.0,2022-01-15 16:00:00,2971.0
354.0,2022-01-15 17:00:00,2831.0
355.0,2022-01-15 18:00:00,2612.0
356.0,2022-01-15 19:00:00,2300.0
357.0,2022-01-15 20:00:00,2042.0
,2022-01-15 21:00:00,2316.0
359.0,2022-01-15 22:00:00,2840.0
360.0,2022-01-15 23:00:00,2277.0
361.0,2022-01-16 00:00:00,2688.0
,2022-01-16 01:00:00,2771.0
363.0,2022-01-16 02:00:00,2837.0
364.0,2022-01-16 03:00:00,2042.0
365.0,2022-01-16 04:00:00,
366.0,2022-01-16 05:00:00,2294.0
367.0,2022-01-16 06:00:00,2957.0
368.0,2022-01-16 07:00:00,2223.0
369.0,2022-01-16 08:00:00,2172.0
370.0,2022-01-16 09:00:00,2773.0
371.0,2022-01-16 10:00:00,2510.0
372.0,2022-01-16 11:00:00,2260.0
373.0,2022-01-16 12:00:00,2787.0
374.0,2022-01-16 13:00:00,
375.0,2022-01-16 14:00:00,
376.0,2022-01-16 15:00:00,2893.0
377.0,2022-01-16 16:00:00,2472.0
378.0,2022-01-16 17:00:00,
379.0,2022-01-16 18:00:00,2955.0
380.0,2022-01-16 19:00:00,2446.0
381.0,2022-01-16 20:00:00,2438.0
382.0,2022-01-16 21:00:00,2500.0
383.0,2022-01-16 22:00:00,2548.0
384.0,2022-01-16 23:00:00,2570.0
,2022-01-17 00:00:00,2463.0
386.0,2022-01-17 01:00:00,2723.0
387.0,2022-01-17 02:00:00,2038.0
388.0,2022-01-17 03:00:00,2561.0
389.0,2022-01-17 04:00:00,2819.0
390.0,2022-01-17 05:00:00,2866.0
391.0,2022-01-17 06:00:00,2858.0
392.0,2022-01-17 07:00:00,2751.0
393.0,2022-01-17 08:00:00,2297.0
,2022-01-17 09:00:00,2283.0
395.0,2022-01-17 10:00:00,2032.0
396.0,2022-01-17 11:00:00,2076.0
397.0,2022-01-17 12:00:00,2235.0
398.0,2022-01-17 13:00:00,
399.0,2022-01-17 14:00:00,2967.0
400.0,2022-01-17 15:00:00,2040.0
401.0,2022-01-17 16:00:00,2833.0
402.0,2022-01-17 17:00:00,2607.0
403.0,2022-01-17 18:00:00,2705.0
404.0,2022-01-17 19:00:00,2497.0
,2022-01-17 20:00:00,2881.0
406.0,,2537.0
407.0,2022-01-17 22:00:00,
408.0,2022-01-17 23:00:00,2762.0
409.0,2022-01-18 00:00:00,2302.0
410.0,2022-01-18 01:00:00,2323.0
411.0,2022-01-18 02:00:00,2313.0
412.0,2022-01-18 03:00:00,2621.0
413.0,2022-01-18 04:00:00,2062.0
414.0,2022-01-18 05:00:00,2434.0
415.0,2022-01-18 06:00:00,2053.0
416.0,2022-01-18 07:00:00,2382.0
417.0,2022-01-18 08:00:00,2405.0
,2022-01-18 09:00:00,2444.0
419.0,2022-01-18 10:00:00,2724.0
420.0,2022-01-18 11:00:00,2114.0
421.0,2022-01-18 12:00:00,2231.0
422.0,2022-01-18 13:00:00,2680.0
423.0,2022-01-18 14:00:00,2683.0
424.0,2022-01-18 15:00:00,2106.0
425.0,2022-01-18 16:00:00,2917.0
426.0,,2703.0
427.0,2022-01-18 18:00:00,
428.0,2022-01-18 19:00:00,2874.0
,2022-01-18 20:00:00,2880.0
430.0,2022-01-18 21:00:00,2771.0
431.0,2022-01-18 22:00:00,2818.0
432.0,2022-01-18 23:00:00,2068.0
433.0,2022-01-19 00:00:00,2437.0
434.0,2022-01-19 01:00:00,2646.0
435.0,2022-01-19 02:00:00,2686.0
436.0,2022-01-19 03:00:00,2761.0
437.0,2022-01-19 04:00:00,2620.0
438.0,2022-01-19 05:00:00,2290.0
439.0,2022-01-19 06:00:00,2625.0
440.0,2022-01-19 07:00:00,2740.0
441.0,2022-01-19 08:00:00,2388.0
442.0,2022-01-19 09:00:00,2056.0
443.0,,2307.0
444.0,2022-01-19 11:00:00,2165.0
445.0,2022-01-19 12:00:00,2454.0
446.0,,2257.0
447.0,2022-01-19 14:00:00,2352.0
448.0,2022-01-19 15:00:00,2966.0
449.0,2022-01-19 16:00:00,2630.0
450.0,2022-01-19 17:00:00,2209.0
451.0,2022-01-19 18:00:00,2098.0
452.0,2022-01-19 19:00:00,2714.0
453.0,2022-01-19 20:00:00,2574.0
454.0,2022-01-19 21:00:00,2384.0
455.0,2022-01-19 22:00:00,2312.0
456.0,2022-01-19 23:00:00,2133.0
457.0,2022-01-20 00:00:00,2427.0
458.0,2022-01-20 01:00:00,2311.0
459.0,2022-01-20 02:00:00,2869.0
460.0,2022-01-20 03:00:00,2940.0
461.0,2022-01-20 04:00:00,2894.0
462.0,2022-01-20 05:00:00,
463.0,2022-01-20 06:00:00,2976.0
464.0,2022-01-20 07:00:00,2140.0
,2022-01-20 08:00:00,2748.0
466.0,2022-01-20 09:00:00,2246.0
467.0,2022-01-20 10:00:00,2658.0
468.0,2022-01-20 11:00:00,2154.0
469.0,2022-01-20 12:00:00,2842.0
470.0,2022-01-20 13:00:00,2512.0
471.0,2022-01-20 14:00:00,2153.0
472.0,2022-01-20 15:00:00,2718.0
473.0,2022-01-20 16:00:00,2746.0
474.0,2022-01-20 17:00:00,2558.0
475.0,2022-01-20 18:00:00,2618.0
476.0,2022-01-20 19:00:00,2616.0
477.0,2022-01-20 20:00:00,2491.0
478.0,2022-01-20 21:00:00,2911.0
479.0,2022-01-20 22:00:00,2399.0
480.0,2022-01-20 23:00:00,2295.0
481.0,2022-01-21 00:00:00,2619.0
482.0,2022-01-21 01:00:00,2849.0
483.0,2022-01-21 02:00:00,2594.0
484.0,2022-01-21 03:00:00,2026.0
485.0,2022-01-21 04:00:00,2599.0
486.0,,2425.0
487.0,2022-01-21 06:00:00,2279.0
488.0,2022-01-21 07:00:00,2010.0
489.0,2022-01-21 08:00:00,2174.0
490.0,2022-01-21 09:00:00,2587.0
491.0,2022-01-21 10:00:00,2648.0
492.0,2022-01-21 11:00:00,2096.0
493.0,2022-01-21 12:00:00,2101.0
494.0,2022-01-21 13:00:00,2687.0
495.0,2022-01-21 14:00:00,2555.0
496.0,2022-01-21 15:00:00,2690.0
497.0,2022-01-21 16:00:00,2854.0
498.0,2022-01-21 17:00:00,2422.0
499.0,2022-01-21 18:00:00,2370.0
500.0,2022-01-21 19:00:00,2512.0
501.0,2022-01-21 20:00:00,2925.0
502.0,2022-01-21 21:00:00,2860.0
503.0,2022-01-21 22:00:00,2120.0
504.0,,2196.0
505.0,2022-01-22 00:00:00,2087.0
,2022-01-22 01:00:00,2138.0
507.0,2022-01-22 02:00:00,2099.0
508.0,2022-01-22 03:00:00,2446.0
509.0,2022-01-22 04:00:00,2290.0
510.0,2022-01-22 05:00:00,2536.0
511.0,2022-01-22 06:00:00,2970.0
512.0,2022-01-22 07:00:00,2107.0
513.0,2022-01-22 08:00:00,2985.0
514.0,2022-01-22 09:00:00,2644.0
515.0,2022-01-22 10:00:00,2360.0
516.0,2022-01-22 11:00:00,2819.0
517.0,2022-01-22 12:00:00,2487.0
518.0,2022-01-22 13:00:00,2928.0
519.0,2022-01-22 14:00:00,2615.0
520.0,2022-01-22 15:00:00,2089.0
521.0,2022-01-22 16:00:00,2117.0
522.0,2022-01-22 17:00:00,2807.0
523.0,2022-01-22 18:00:00,2075.0
524.0,2022-01-22 19:00:00,2088.0
525.0,2022-01-22 20:00:00,2878.0
526.0,2022-01-22 21:00:00,2842.0
527.0,2022-01-22 22:00:00,2639.0
528.0,2022-01-22 23:00:00,2232.0
529.0,2022-01-23 00:00:00,
530.0,2022-01-23 01:00:00,2905.0
531.0,2022-01-23 02:00:00,2259.0
,2022-01-23 03:00:00,2944.0
533.0,2022-01-23 04:00:00,2102.0
534.0,2022-01-23 05:00:00,2846.0
535.0,2022-01-23 06:00:00,2846.0
536.0,,2829.0
537.0,2022-01-23 08:00:00,2479.0
538.0,2022-01-23 09:00:00,
539.0,2022-01-23 10:00:00,2888.0
540.0,2022-01-23 11:00:00,2865.0
541.0,2022-01-23 12:00:00,2386.0
,2022-01-23 13:00:00,2169.0
543.0,2022-01-23 14:00:00,2472.0
544.0,2022-01-23 15:00:00,2093.0
545.0,2022-01-23 16:00:00,2656.0
546.0,2022-01-23 17:00:00,2017.0
547.0,2022-01-23 18:00:00,2800.0
548.0,2022-01-23 19:00:00,2398.0
,2022-01-23 20:00:00,2186.0
550.0,2022-01-23 21:00:00,2146.0
551.0,2022-01-23 22:00:00,2992.0
552.0,2022-01-23 23:00:00,2230.0
553.0,2022-01-24 00:00:00,2390.0
554.0,2022-01-24 01:00:00,2087.0
555.0,2022-01-24 02:00:00,2199.0
556.0,2022-01-24 03:00:00,2850.0
557.0,2022-01-24 04:00:00,2845.0
558.0,2022-01-24 05:00:00,2117.0
559.0,2022-01-24 06:00:00,2901.0
560.0,,2211.0
561.0,2022-01-24 08:00:00,2760.0
562.0,2022-01-24 09:00:00,2927.0
563.0,2022-01-24 10:00:00,2292.0
564.0,2022-01-24 11:00:00,2598.0
565.0,2022-01-24 12:00:00,2476.0
566.0,,
567.0,2022-01-24 14:00:00,2015.0
568.0,2022-01-24 15:00:00,2665.0
569.0,2022-01-24 16:00:00,2655.0
570.0,2022-01-24 17:00:00,2111.0
,2022-01-24 18:00:00,2778.0
572.0,2022-01-24 19:00:00,2411.0
573.0,2022-01-24 20:00:00,2064.0
574.0,2022-01-24 21:00:00,2728.0
575.0,2022-01-24 22:00:00,2990.0
576.0,2022-01-24 23:00:00,2261.0
,2022-01-25 00:00:00,2789.0
,2022-01-25 01:00:00,2036.0
579.0,2022-01-25 02:00:00,2650.0
580.0,2022-01-25 03:00:00,2658.0
581.0,2022-01-25 04:00:00,2010.0
582.0,,2665.0
583.0,2022-01-25 06:00:00,2718.0
584.0,2022-01-25 07:00:00,2661.0
585.0,2022-01-25 08:00:00,
586.0,2022-01-25 09:00:00,2715.0
587.0,2022-01-25 10:00:00,2001.0
588.0,2022-01-25 11:00:00,2755.0
589.0,2022-01-25 12:00:00,2850.0
590.0,2022-01-25 13:00:00,2050.0
591.0,2022-01-25 14:00:00,2396.0
592.0,2022-01-25 15:00:00,2186.0
593.0,2022-01-25 16:00:00,2110.0
594.0,2022-01-25 17:00:00,2502.0
595.0,2022-01-25 18:00:00,2987.0
596.0,2022-01-25 19:00:00,2240.0
597.0,2022-01-25 20:00:00,2543.0
598.0,2022-01-25 21:00:00,2283.0
599.0,2022-01-25 22:00:00,2623.0
600.0,2022-01-25 23:00:00,2391.0
,2022-01-26 00:00:00,2608.0
602.0,2022-01-26 01:00:00,2014.0
603.0,2022-01-26 02:00:00,2851.0
604.0,2022-01-26 03:00:00,2037.0
605.0,2022-01-26 04:00:00,2463.0
606.0,2022-01-26 05:00:00,2856.0
607.0,2022-01-26 06:00:00,2552.0
608.0,2022-01-26 07:00:00,2546.0
609.0,2022-01-26 08:00:00,2877.0
610.0,2022-01-26 09:00:00,2045.0
611.0,2022-01-26 10:00:00,2918.0
612.0,2022-01-26 11:00:00,2558.0
613.0,2022-01-26 12:00:00,2249.0
614.0,2022-01-26 13:00:00,2467.0
615.0,2022-01-26 14:00:00,2142.0
616.0,2022-01-26 15:00:00,2864.0
617.0,2022-01-26 16:00:00,
618.0,2022-01-26 17:00:00,2324.0
619.0,2022-01-26 18:00:00,2972.0
620.0,2022-01-26 19:00:00,2172.0
621.0,2022-01-26 20:00:00,2897.0
622.0,2022-01-26 21:00:00,2687.0
623.0,2022-01-26 22:00:00,2842.0
,,2963.0
625.0,2022-01-27 00:00:00,2899.0
626.0,2022-01-27 01:00:00,2031.0
627.0,2022-01-27 02:00:00,2745.0
628.0,2022-01-27 03:00:00,2667.0
629.0,2022-01-27 04:00:00,2643.0
630.0,2022-01-27 05:00:00,2914.0
631.0,2022-01-27 06:00:00,2806.0
632.0,2022-01-27 07:00:00,2325.0
633.0,2022-01-27 08:00:00,2560.0
,2022-01-27 09:00:00,
635.0,2022-01-27 10:00:00,
636.0,2022-01-27 11:00:00,2731.0
637.0,2022-01-27 12:00:00,2237.0
638.0,2022-01-27 13:00:00,2145.0
639.0,2022-01-27 14:00:00,2078.0
640.0,2022-01-27 15:00:00,2022.0
641.0,2022-01-27 16:00:00,2106.0
642.0,2022-01-27 17:00:00,2736.0
643.0,2022-01-27 18:00:00,2133.0
644.0,2022-01-27 19:00:00,2230.0
645.0,2022-01-27 20:00:00,2492.0
646.0,2022-01-27 21:00:00,2782.0
647.0,2022-01-27 22:00:00,2665.0
648.0,2022-01-27 23:00:00,2290.0
649.0,2022-01-28 00:00:00,2598.0
650.0,,2780.0
651.0,2022-01-28 02:00:00,2410.0
652.0,2022-01-28 03:00:00,2233.0
653.0,2022-01-28 04:00:00,2333.0
654.0,2022-01-28 05:00:00,2066.0
655.0,2022-01-28 06:00:00,
656.0,2022-01-28 07:00:00,2632.0
,2022-01-28 08:00:00,2312.0
658.0,2022-01-28 09:00:00,2853.0
659.0,2022-01-28 10:00:00,2216.0
660.0,2022-01-28 11:00:00,2021.0
661.0,2022-01-28 12:00:00,2430.0
662.0,2022-01-28 13:00:00,2994.0
663.0,2022-01-28 14:00:00,2533.0
664.0,2022-01-28 15:00:00,2351.0
665.0,2022-01-28 16:00:00,
666.0,2022-01-28 17:00:00,2695.0
667.0,2022-01-28 18:00:00,2853.0
668.0,2022-01-28 19:00:00,2802.0
669.0,2022-01-28 20:00:00,2813.0
,,2549.0
671.0,2022-01-28 22:00:00,2051.0
672.0,2022-01-28 23:00:00,3000.0
673.0,2022-01-29 00:00:00,2197.0
,2022-01-29 01:00:00,2931.0
675.0,2022-01-29 02:00:00,2449.0
676.0,2022-01-29 03:00:00,2179.0
677.0,2022-01-29 04:00:00,2956.0
678.0,2022-01-29 05:00:00,2307.0
679.0,2022-01-29 06:00:00,2385.0
680.0,2022-01-29 07:00:00,2907.0
681.0,2022-01-29 08:00:00,2226.0
682.0,2022-01-29 09:00:00,2277.0
683.0,2022-01-29 10:00:00,2675.0
684.0,2022-01-29 11:00:00,2869.0
685.0,2022-01-29 12:00:00,2742.0
686.0,2022-01-29 13:00:00,2568.0
687.0,2022-01-29 14:00:00,2634.0
688.0,2022-01-29 15:00:00,2887.0
689.0,2022-01-29 16:00:00,2087.0
690.0,2022-01-29 17:00:00,2047.0
691.0,2022-01-29 18:00:00,2560.0
692.0,2022-01-29 19:00:00,2501.0
,2022-01-29 20:00:00,2600.0
694.0,2022-01-29 21:00:00,2357.0
695.0,2022-01-29 22:00:00,2536.0
696.0,2022-01-29 23:00:00,2667.0
697.0,2022-01-30 00:00:00,2424.0
698.0,2022-01-30 01:00:00,2812.0
699.0,2022-01-30 02:00:00,2029.0
700.0,2022-01-30 03:00:00,2344.0
701.0,2022-01-30 04:00:00,2370.0
702.0,2022-01-30 05:00:00,2677.0
703.0,2022-01-30 06:00:00,2329.0
704.0,2022-01-30 07:00:00,2068.0
705.0,2022-01-30 08:00:00,2490.0
706.0,2022-01-30 09:00:00,2088.0
707.0,2022-01-30 10:00:00,2384.0
708.0,2022-01-30 11:00:00,2554.0
709.0,2022-01-30 12:00:00,2341.0
710.0,2022-01-30 13:00:00,2931.0
711.0,2022-01-30 14:00:00,2165.0
712.0,2022-01-30 15:00:00,2617.0
713.0,2022-01-30 16:00:00,2233.0
714.0,2022-01-30 17:00:00,2261.0
715.0,2022-01-30 18:00:00,2228.0
716.0,,2974.0
717.0,2022-01-30 20:00:00,2415.0
718.0,2022-01-30 21:00:00,2842.0
719.0,2022-01-30 22:00:00,2632.0
720.0,2022-01-30 23:00:00,2686.0
721.0,2022-01-31 00:00:00,2879.0
722.0,2022-01-31 01:00:00,2637.0
723.0,2022-01-31 02:00:00,2819.0
,2022-01-31 03:00:00,2725.0
725.0,2022-01-31 04:00:00,2674.0
726.0,,2485.0
727.0,2022-01-31 06:00:00,2473.0
728.0,2022-01-31 07:00:00,2931.0
729.0,2022-01-31 08:00:00,2298.0
730.0,2022-01-31 09:00:00,2934.0
731.0,2022-01-31 10:00:00,2336.0
732.0,2022-01-31 11:00:00,2365.0
733.0,2022-01-31 12:00:00,2418.0
734.0,2022-01-31 13:00:00,2390.0
735.0,2022-01-31 14:00:00,2062.0
736.0,2022-01-31 15:00:00,2818.0
737.0,2022-01-31 16:00:00,2133.0
738.0,2022-01-31 17:00:00,2228.0
,2022-01-31 18:00:00,2109.0
740.0,,2363.0
741.0,2022-01-31 20:00:00,2611.0
742.0,2022-01-31 21:00:00,2218.0
743.0,2022-01-31 22:00:00,
744.0,2022-01-31 23:00:00,2744.0
745.0,2022-02-01 00:00:00,2459.0
746.0,2022-02-01 01:00:00,2766.0
747.0,2022-02-01 02:00:00,2355.0
748.0,2022-02-01 03:00:00,2269.0
749.0,2022-02-01 04:00:00,2782.0
750.0,2022-02-01 05:00:00,2792.0
751.0,2022-02-01 06:00:00,2256.0
752.0,2022-02-01 07:00:00,2351.0
753.0,2022-02-01 08:00:00,
754.0,2022-02-01 09:00:00,2309.0
755.0,2022-02-01 10:00:00,2216.0
756.0,2022-02-01 11:00:00,2664.0
757.0,2022-02-01 12:00:00,2610.0
758.0,2022-02-01 13:00:00,2312.0
759.0,2022-02-01 14:00:00,2484.0
760.0,2022-02-01 15:00:00,2077.0
761.0,2022-02-01 16:00:00,2093.0
762.0,,2282.0
763.0,2022-02-01 18:00:00,2881.0
764.0,2022-02-01 19:00:00,2329.0
765.0,2022-02-01 20:00:00,2184.0
766.0,2022-02-01 21:00:00,2333.0
767.0,2022-02-01 22:00:00,2292.0
768.0,2022-02-01 23:00:00,2512.0
769.0,2022-02-02 00:00:00,2562.0
770.0,,2078.0
,,2770.0
772.0,2022-02-02 03:00:00,2343.0
773.0,2022-02-02 04:00:00,2043.0
774.0,2022-02-02 05:00:00,2348.0
775.0,2022-02-02 06:00:00,2317.0
776.0,2022-02-02 07:00:00,2101.0
777.0,2022-02-02 08:00:00,2050.0
778.0,2022-02-02 09:00:00,2037.0
779.0,2022-02-02 10:00:00,2341.0
780.0,,2562.0
781.0,2022-02-02 12:00:00,2016.0
782.0,2022-02-02 13:00:00,2085.0
783.0,2022-02-02 14:00:00,2508.0
,2022-02-02 15:00:00,2089.0
785.0,2022-02-02 16:00:00,2692.0
786.0,2022-02-02 17:00:00,2300.0
,2022-02-02 18:00:00,2698.0
788.0,2022-02-02 19:00:00,2179.0
789.0,2022-02-02 20:00:00,2423.0
790.0,2022-02-02 21:00:00,2851.0
791.0,2022-02-02 22:00:00,2407.0
792.0,2022-02-02 23:00:00,2990.0
793.0,2022-02-03 00:00:00,2663.0
794.0,2022-02-03 01:00:00,2361.0
795.0,2022-02-03 02:00:00,2455.0
796.0,2022-02-03 03:00:00,2537.0
797.0,,
798.0,2022-02-03 05:00:00,2444.0
799.0,2022-02-03 06:00:00,2453.0
800.0,2022-02-03 07:00:00,2606.0
,,2439.0
802.0,2022-02-03 09:00:00,
803.0,2022-02-03 10:00:00,2342.0
804.0,2022-02-03 11:00:00,2338.0
805.0,2022-02-03 12:00:00,2410.0
806.0,2022-02-03 13:00:00,2979.0
807.0,2022-02-03 14:00:00,2147.0
808.0,2022-02-03 15:00:00,2987.0
809.0,2022-02-03 16:00:00,2362.0
,2022-02-03 17:00:00,2098.0
811.0,2022-02-03 18:00:00,2810.0
812.0,2022-02-03 19:00:00,
813.0,2022-02-03 20:00:00,2861.0
814.0,2022-02-03 21:00:00,2030.0
815.0,2022-02-03 22:00:00,2796.0
816.0,2022-02-03 23:00:00,2841.0
817.0,2022-02-04 00:00:00,2380.0
818.0,2022-02-04 01:00:00,2893.0
819.0,2022-02-04 02:00:00,2630.0
820.0,2022-02-04 03:00:00,2191.0
821.0,2022-02-04 04:00:00,2896.0
822.0,2022-02-04 05:00:00,2350.0
823.0,2022-02-04 06:00:00,2733.0
824.0,2022-02-04 07:00:00,2580.0
825.0,,2070.0
826.0,2022-02-04 09:00:00,2175.0
827.0,2022-02-04 10:00:00,2552.0
828.0,2022-02-04 11:00:00,
829.0,2022-02-04 12:00:00,
830.0,2022-02-04 13:00:00,2075.0
831.0,2022-02-04 14:00:00,2102.0
832.0,2022-02-04 15:00:00,2342.0
833.0,2022-02-04 16:00:00,2781.0
,2022-02-04 17:00:00,2399.0
835.0,2022-02-04 18:00:00,2312.0
836.0,,2085.0
837.0,2022-02-04 20:00:00,2459.0
838.0,2022-02-04 21:00:00,2525.0
839.0,2022-02-04 22:00:00,2264.0
840.0,2022-02-04 23:00:00,2568.0
841.0,2022-02-05 00:00:00,2005.0
842.0,2022-02-05 01:00:00,2937.0
843.0,2022-02-05 02:00:00,2388.0
,2022-02-05 03:00:00,2147.0
845.0,2022-02-05 04:00:00,2823.0
846.0,2022-02-05 05:00:00,2276.0
847.0,2022-02-05 06:00:00,2909.0
848.0,2022-02-05 07:00:00,2179.0
849.0,2022-02-05 08:00:00,2428.0
850.0,2022-02-05 09:00:00,2229.0
851.0,2022-02-05 10:00:00,2772.0
852.0,2022-02-05 11:00:00,
853.0,2022-02-05 12:00:00,
854.0,2022-02-05 13:00:00,2016.0
855.0,2022-02-05 14:00:00,2785.0
856.0,2022-02-05 15:00:00,2847.0
857.0,2022-02-05 16:00:00,2868.0
858.0,2022-02-05 17:00:00,2800.0
,2022-02-05 18:00:00,2250.0
860.0,2022-02-05 19:00:00,2443.0
861.0,2022-02-05 20:00:00,2013.0
862.0,2022-02-05 21:00:00,2240.0
863.0,2022-02-05 22:00:00,2766.0
864.0,2022-02-05 23:00:00,2425.0
865.0,2022-02-06 00:00:00,2717.0
866.0,2022-02-06 01:00:00,
867.0,2022-02-06 02:00:00,2016.0
868.0,2022-02-06 03:00:00,2183.0
869.0,2022-02-06 04:00:00,2787.0
870.0,2022-02-06 05:00:00,2436.0
871.0,2022-02-06 06:00:00,2286.0
872.0,2022-02-06 07:00:00,2013.0
873.0,2022-02-06 08:00:00,2747.0
874.0,2022-02-06 09:00:00,2166.0
875.0,2022-02-06 10:00:00,2977.0
876.0,2022-02-06 11:00:00,2182.0
877.0,2022-02-06 12:00:00,2944.0
878.0,2022-02-06 13:00:00,2826.0
879.0,2022-02-06 14:00:00,2541.0
880.0,2022-02-06 15:00:00,2324.0
881.0,2022-02-06 16:00:00,2846.0
882.0,2022-02-06 17:00:00,2872.0
883.0,2022-02-06 18:00:00,2495.0
884.0,2022-02-06 19:00:00,2266.0
885.0,2022-02-06 20:00:00,2241.0
886.0,2022-02-06 21:00:00,2604.0
887.0,2022-02-06 22:00:00,
888.0,2022-02-06 23:00:00,2926.0
889.0,2022-02-07 00:00:00,2259.0
890.0,2022-02-07 01:00:00,2035.0
891.0,2022-02-07 02:00:00,2024.0
892.0,2022-02-07 03:00:00,2883.0
893.0,2022-02-07 04:00:00,2467.0
894.0,2022-02-07 05:00:00,2209.0
895.0,2022-02-07 06:00:00,2583.0
896.0,2022-02-07 07:00:00,2131.0
897.0,2022-02-07 08:00:00,2603.0
898.0,2022-02-07 09:00:00,2601.0
899.0,2022-02-07 10:00:00,2831.0
900.0,2022-02-07 11:00:00,2222.0
901.0,2022-02-07 12:00:00,2180.0
902.0,2022-02-07 13:00:00,
903.0,2022-02-07 14:00:00,2780.0
904.0,2022-02-07 15:00:00,2008.0
905.0,2022-02-07 16:00:00,2337.0
906.0,2022-02-07 17:00:00,2087.0
907.0,2022-02-07 18:00:00,2295.0
908.0,2022-02-07 19:00:00,2690.0
909.0,2022-02-07 20:00:00,2668.0
910.0,2022-02-07 21:00:00,
911.0,2022-02-07 22:00:00,2297.0
912.0,2022-02-07 23:00:00,2790.0
913.0,2022-02-08 00:00:00,2268.0
,2022-02-08 01:00:00,2754.0
915.0,2022-02-08 02:00:00,2992.0
916.0,2022-02-08 03:00:00,2839.0
917.0,2022-02-08 04:00:00,2741.0
918.0,2022-02-08 05:00:00,2768.0
919.0,2022-02-08 06:00:00,2172.0
920.0,2022-02-08 07:00:00,2960.0
921.0,2022-02-08 08:00:00,2329.0
922.0,2022-02-08 09:00:00,2106.0
923.0,2022-02-08 10:00:00,2950.0
924.0,,2662.0
925.0,2022-02-08 12:00:00,2756.0
926.0,2022-02-08 13:00:00,2079.0
927.0,2022-02-08 14:00:00,2620.0
928.0,2022-02-08 15:00:00,2689.0
929.0,,2414.0
930.0,2022-02-08 17:00:00,2828.0
931.0,2022-02-08 18:00:00,2074.0
932.0,2022-02-08 19:00:00,2152.0
933.0,2022-02-08 20:00:00,2911.0
934.0,2022-02-08 21:00:00,2225.0
935.0,2022-02-08 22:00:00,2239.0
936.0,2022-02-08 23:00:00,2882.0
937.0,2022-02-09 00:00:00,2099.0
938.0,2022-02-09 01:00:00,2256.0
939.0,2022-02-09 02:00:00,2487.0
940.0,2022-02-09 03:00:00,2629.0
941.0,2022-02-09 04:00:00,2276.0
942.0,2022-02-09 05:00:00,2415.0
943.0,2022-02-09 06:00:00,2808.0
944.0,2022-02-09 07:00:00,2145.0
945.0,2022-02-09 08:00:00,2733.0
946.0,2022-02-09 09:00:00,2604.0
947.0,2022-02-09 10:00:00,2778.0
948.0,2022-02-09 11:00:00,2844.0
,2022-02-09 12:00:00,2470.0
950.0,2022-02-09 13:00:00,2066.0
951.0,2022-02-09 14:00:00,2230.0
952.0,2022-02-09 15:00:00,2523.0
953.0,2022-02-09 16:00:00,2834.0
954.0,2022-02-09 17:00:00,2470.0
955.0,2022-02-09 18:00:00,2710.0
956.0,2022-02-09 19:00:00,2633.0
957.0,2022-02-09 20:00:00,2513.0
958.0,2022-02-09 21:00:00,2912.0
959.0,2022-02-09 22:00:00,2218.0
960.0,2022-02-09 23:00:00,2147.0
961.0,2022-02-10 00:00:00,2850.0
962.0,2022-02-10 01:00:00,2874.0
963.0,2022-02-10 02:00:00,2550.0
964.0,,2498.0
965.0,2022-02-10 04:00:00,2417.0
966.0,2022-02-10 05:00:00,2202.0
967.0,2022-02-10 06:00:00,
968.0,,2358.0
969.0,2022-02-10 08:00:00,2847.0
970.0,2022-02-10 09:00:00,2335.0
971.0,2022-02-10 10:00:00,2498.0
972.0,2022-02-10 11:00:00,2863.0
973.0,2022-02-10 12:00:00,2515.0
974.0,,2761.0
975.0,2022-02-10 14:00:00,2668.0
976.0,2022-02-10 15:00:00,2411.0
977.0,2022-02-10 16:00:00,2404.0
978.0,2022-02-10 17:00:00,
979.0,2022-02-10 18:00:00,2515.0
980.0,2022-02-10 19:00:00,2875.0
981.0,2022-02-10 20:00:00,2619.0
982.0,2022-02-10 21:00:00,2358.0
983.0,2022-02-10 22:00:00,2425.0
984.0,2022-02-10 23:00:00,2129.0
,2022-02-11 00:00:00,2247.0
986.0,2022-02-11 01:00:00,2758.0
987.0,,2943.0
988.0,2022-02-11 03:00:00,2878.0
989.0,2022-02-11 04:00:00,2210.0
990.0,2022-02-11 05:00:00,2613.0
991.0,2022-02-11 06:00:00,2626.0
992.0,2022-02-11 07:00:00,2701.0
993.0,2022-02-11 08:00:00,2624.0
994.0,2022-02-11 09:00:00,2499.0
,2022-02-11 10:00:00,2392.0
996.0,2022-02-11 11:00:00,2944.0
997.0,2022-02-11 12:00:00,2634.0
998.0,2022-02-11 13:00:00,2838.0
,2022-02-11 14:00:00,2973.0
,2022-02-11 15:00:00,2006.0
1001.0,2022-02-11 16:00:00,2190.0
1002.0,2022-02-11 17:00:00,2275.0
1003.0,2022-02-11 18:00:00,2058.0
1004.0,2022-02-11 19:00:00,2169.0
1005.0,2022-02-11 20:00:00,2193.0
1006.0,2022-02-11 21:00:00,2616.0
1007.0,2022-02-11 22:00:00,2700.0
1008.0,2022-02-11 23:00:00,2840.0
1009.0,2022-02-12 00:00:00,2151.0
1010.0,2022-02-12 01:00:00,2990.0
1011.0,2022-02-12 02:00:00,2029.0
1012.0,2022-02-12 03:00:00,2982.0
1013.0,2022-02-12 04:00:00,2624.0
1014.0,2022-02-12 05:00:00,2503.0
1015.0,2022-02-12 06:00:00,2805.0
1016.0,2022-02-12 07:00:00,2133.0
1017.0,,2073.0
1018.0,2022-02-12 09:00:00,2565.0
1019.0,2022-02-12 10:00:00,2711.0
1020.0,2022-02-12 11:00:00,2632.0
1021.0,2022-02-12 12:00:00,2116.0
1022.0,2022-02-12 13:00:00,2239.0
1023.0,2022-02-12 14:00:00,3000.0
1024.0,,2075.0
1025.0,2022-02-12 16:00:00,2446.0
1026.0,2022-02-12 17:00:00,2891.0
1027.0,2022-02-12 18:00:00,2089.0
1028.0,2022-02-12 19:00:00,2657.0
1029.0,2022-02-12 20:00:00,2722.0
,2022-02-12 21:00:00,2711.0
1031.0,2022-02-12 22:00:00,2746.0
,2022-02-12 23:00:00,2120.0
1033.0,2022-02-13 00:00:00,2565.0
1034.0,2022-02-13 01:00:00,2434.0
1035.0,2022-02-13 02:00:00,2120.0
1036.0,2022-02-13 03:00:00,2974.0
1037.0,2022-02-13 04:00:00,2347.0
1038.0,2022-02-13 05:00:00,2838.0
1039.0,2022-02-13 06:00:00,
1040.0,2022-02-13 07:00:00,2641.0
1041.0,2022-02-13 08:00:00,2253.0
1042.0,2022-02-13 09:00:00,2712.0
1043.0,2022-02-13 10:00:00,2746.0
1044.0,2022-02-13 11:00:00,2785.0
1045.0,2022-02-13 12:00:00,2102.0
1046.0,2022-02-13 13:00:00,2732.0
1047.0,2022-02-13 14:00:00,2543.0
1048.0,2022-02-13 15:00:00,2253.0
1049.0,2022-02-13 16:00:00,2331.0
1050.0,2022-02-13 17:00:00,2004.0
1051.0,2022-02-13 18:00:00,2017.0
,2022-02-13 19:00:00,2652.0
1053.0,2022-02-13 20:00:00,2378.0
1054.0,2022-02-13 21:00:00,2853.0
1055.0,2022-02-13 22:00:00,2579.0
1056.0,2022-02-13 23:00:00,2938.0
1057.0,2022-02-14 00:00:00,2438.0
,2022-02-14 01:00:00,2682.0
1059.0,2022-02-14 02:00:00,2536.0
1060.0,2022-02-14 03:00:00,2872.0
1061.0,,2043.0
1062.0,2022-02-14 05:00:00,2566.0
1063.0,2022-02-14 06:00:00,2523.0
1064.0,2022-02-14 07:00:00,2812.0
1065.0,2022-02-14 08:00:00,2405.0
1066.0,2022-02-14 09:00:00,2645.0
1067.0,2022-02-14 10:00:00,2806.0
1068.0,2022-02-14 11:00:00,2110.0
1069.0,2022-02-14 12:00:00,2100.0
,2022-02-14 13:00:00,2013.0
1071.0,2022-02-14 14:00:00,2885.0
1072.0,2022-02-14 15:00:00,2901.0
1073.0,2022-02-14 16:00:00,2258.0
1074.0,2022-02-14 17:00:00,2383.0
1075.0,2022-02-14 18:00:00,2966.0
1076.0,2022-02-14 19:00:00,2758.0
1077.0,2022-02-14 20:00:00,2046.0
1078.0,2022-02-14 21:00:00,2412.0
1079.0,2022-02-14 22:00:00,2484.0
1080.0,2022-02-14 23:00:00,2567.0
1081.0,2022-02-15 00:00:00,2629.0
1082.0,2022-02-15 01:00:00,
1083.0,2022-02-15 02:00:00,2680.0
1084.0,2022-02-15 03:00:00,2228.0
1085.0,2022-02-15 04:00:00,2591.0
1086.0,2022-02-15 05:00:00,
1087.0,2022-02-15 06:00:00,2357.0
1088.0,2022-02-15 07:00:00,2551.0
1089.0,2022-02-15 08:00:00,2844.0
1090.0,2022-02-15 09:00:00,2727.0
1091.0,2022-02-15 10:00:00,2120.0
1092.0,2022-02-15 11:00:00,2632.0
1093.0,2022-02-15 12:00:00,2246.0
1094.0,2022-02-15 13:00:00,2948.0
1095.0,2022-02-15 14:00:00,2711.0
1096.0,2022-02-15 15:00:00,2563.0
1097.0,2022-02-15 16:00:00,2015.0
1098.0,2022-02-15 17:00:00,2521.0
1099.0,2022-02-15 18:00:00,
,2022-02-15 19:00:00,2389.0
1101.0,2022-02-15 20:00:00,2466.0
,2022-02-15 21:00:00,2833.0
1103.0,2022-02-15 22:00:00,2720.0
1104.0,2022-02-15 23:00:00,2735.0
1105.0,2022-02-16 00:00:00,2746.0
1106.0,2022-02-16 01:00:00,
1107.0,2022-02-16 02:00:00,2529.0
,2022-02-16 03:00:00,2625.0
1109.0,2022-02-16 04:00:00,2013.0
1110.0,2022-02-16 05:00:00,2964.0
1111.0,2022-02-16 06:00:00,
1112.0,2022-02-16 07:00:00,2583.0
1113.0,2022-02-16 08:00:00,2315.0
1114.0,2022-02-16 09:00:00,2852.0
1115.0,2022-02-16 10:00:00,
1116.0,2022-02-16 11:00:00,2595.0
1117.0,2022-02-16 12:00:00,2177.0
1118.0,2022-02-16 13:00:00,2626.0
1119.0,2022-02-16 14:00:00,2746.0
1120.0,2022-02-16 15:00:00,2048.0
1121.0,2022-02-16 16:00:00,2783.0
1122.0,2022-02-16 17:00:00,2755.0
1123.0,2022-02-16 18:00:00,2316.0
1124.0,2022-02-16 19:00:00,2720.0
1125.0,,
1126.0,2022-02-16 21:00:00,2773.0
1127.0,2022-02-16 22:00:00,2412.0
1128.0,2022-02-16 23:00:00,2804.0
1129.0,2022-02-17 00:00:00,2175.0
1130.0,2022-02-17 01:00:00,2887.0
1131.0,2022-02-17 02:00:00,
1132.0,2022-02-17 03:00:00,2547.0
1133.0,2022-02-17 04:00:00,2904.0
1134.0,,2938.0
1135.0,2022-02-17 06:00:00,2280.0
1136.0,2022-02-17 07:00:00,2810.0
1137.0,2022-02-17 08:00:00,2466.0
1138.0,2022-02-17 09:00:00,2852.0
1139.0,2022-02-17 10:00:00,2995.0
1140.0,2022-02-17 11:00:00,2936.0
1141.0,2022-02-17 12:00:00,2135.0
1142.0,2022-02-17 13:00:00,2812.0
1143.0,2022-02-17 14:00:00,2075.0
1144.0,2022-02-17 15:00:00,2061.0
1145.0,2022-02-17 16:00:00,2219.0
1146.0,2022-02-17 17:00:00,2568.0
1147.0,2022-02-17 18:00:00,2940.0
1148.0,2022-02-17 19:00:00,2499.0
1149.0,2022-02-17 20:00:00,
1150.0,2022-02-17 21:00:00,2163.0
1151.0,2022-02-17 22:00:00,2140.0
1152.0,2022-02-17 23:00:00,2602.0
1153.0,2022-02-18 00:00:00,2892.0
1154.0,2022-02-18 01:00:00,2030.0
1155.0,2022-02-18 02:00:00,2605.0
1156.0,2022-02-18 03:00:00,2306.0
1157.0,2022-02-18 04:00:00,2294.0
1158.0,,2797.0
1159.0,2022-02-18 06:00:00,
1160.0,2022-02-18 07:00:00,2470.0
1161.0,2022-02-18 08:00:00,2398.0
1162.0,2022-02-18 09:00:00,2405.0
1163.0,2022-02-18 10:00:00,2704.0
1164.0,2022-02-18 11:00:00,2053.0
1165.0,2022-02-18 12:00:00,2081.0
1166.0,2022-02-18 13:00:00,2056.0
1167.0,2022-02-18 14:00:00,2908.0
,2022-02-18 15:00:00,2718.0
1169.0,2022-02-18 16:00:00,2861.0
1170.0,2022-02-18 17:00:00,2922.0
1171.0,2022-02-18 18:00:00,2084.0
1172.0,2022-02-18 19:00:00,2554.0
1173.0,,2208.0
1174.0,2022-02-18 21:00:00,2513.0
1175.0,2022-02-18 22:00:00,2943.0
1176.0,2022-02-18 23:00:00,2683.0
1177.0,2022-02-19 00:00:00,2779.0
1178.0,,2666.0
1179.0,2022-02-19 02:00:00,2061.0
1180.0,2022-02-19 03:00:00,
1181.0,,2483.0
1182.0,2022-02-19 05:00:00,2300.0
1183.0,2022-02-19 06:00:00,2951.0
1184.0,2022-02-19 07:00:00,2391.0
1185.0,2022-02-19 08:00:00,2897.0
1186.0,2022-02-19 09:00:00,2241.0
1187.0,2022-02-19 10:00:00,2843.0
1188.0,2022-02-19 11:00:00,2455.0
1189.0,2022-02-19 12:00:00,2303.0
1190.0,2022-02-19 13:00:00,2366.0
1191.0,2022-02-19 14:00:00,2411.0
1192.0,2022-02-19 15:00:00,2570.0
,2022-02-19 16:00:00,2264.0
1194.0,2022-02-19 17:00:00,
1195.0,2022-02-19 18:00:00,2102.0
1196.0,,2600.0
1197.0,2022-02-19 20:00:00,2891.0
1198.0,2022-02-19 21:00:00,2843.0
1199.0,2022-02-19 22:00:00,2262.0
1200.0,2022-02-19 23:00:00,2869.0
1201.0,,2233.0
1202.0,2022-02-20 01:00:00,2532.0
1203.0,2022-02-20 02:00:00,2516.0
1204.0,2022-02-20 03:00:00,2494.0
1205.0,2022-02-20 04:00:00,2896.0
1206.0,2022-02-20 05:00:00,2295.0
1207.0,2022-02-20 06:00:00,2774.0
1208.0,2022-02-20 07:00:00,2964.0
1209.0,2022-02-20 08:00:00,2392.0
,2022-02-20 09:00:00,2305.0
1211.0,2022-02-20 10:00:00,2002.0
1212.0,2022-02-20 11:00:00,2357.0
1213.0,2022-02-20 12:00:00,2642.0
1214.0,2022-02-20 13:00:00,2495.0
1215.0,2022-02-20 14:00:00,2379.0
1216.0,2022-02-20 15:00:00,2715.0
1217.0,2022-02-20 16:00:00,2755.0
1218.0,2022-02-20 17:00:00,2523.0
1219.0,2022-02-20 18:00:00,2607.0
1220.0,2022-02-20 19:00:00,2349.0
1221.0,2022-02-20 20:00:00,2577.0
1222.0,2022-02-20 21:00:00,2082.0
1223.0,2022-02-20 22:00:00,2949.0
1224.0,,2164.0
1225.0,2022-02-21 00:00:00,2066.0
1226.0,2022-02-21 01:00:00,2441.0
1227.0,2022-02-21 02:00:00,2565.0
1228.0,2022-02-21 03:00:00,2904.0
1229.0,2022-02-21 04:00:00,2540.0
1230.0,2022-02-21 05:00:00,2187.0
1231.0,2022-02-21 06:00:00,2434.0
1232.0,2022-02-21 07:00:00,2012.0
1233.0,2022-02-21 08:00:00,2944.0
1234.0,2022-02-21 09:00:00,2630.0
1235.0,2022-02-21 10:00:00,2168.0
1236.0,2022-02-21 11:00:00,2452.0
1237.0,2022-02-21 12:00:00,2545.0
1238.0,2022-02-21 13:00:00,2047.0
1239.0,2022-02-21 14:00:00,2009.0
1240.0,2022-02-21 15:00:00,2479.0
1241.0,2022-02-21 16:00:00,2825.0
1242.0,2022-02-21 17:00:00,2878.0
1243.0,2022-02-21 18:00:00,2274.0
1244.0,2022-02-21 19:00:00,2742.0
1245.0,2022-02-21 20:00:00,2667.0
1246.0,2022-02-21 21:00:00,2284.0
1247.0,2022-02-21 22:00:00,2387.0
1248.0,2022-02-21 23:00:00,2697.0
1249.0,2022-02-22 00:00:00,2275.0
1250.0,2022-02-22 01:00:00,2726.0
1251.0,2022-02-22 02:00:00,2947.0
,2022-02-22 03:00:00,2915.0
1253.0,2022-02-22 04:00:00,2807.0
1254.0,2022-02-22 05:00:00,2138.0
1255.0,2022-02-22 06:00:00,2743.0
1256.0,2022-02-22 07:00:00,2903.0
1257.0,,2451.0
1258.0,2022-02-22 09:00:00,2254.0
1259.0,2022-02-22 10:00:00,2942.0
1260.0,2022-02-22 11:00:00,2349.0
1261.0,2022-02-22 12:00:00,2172.0
1262.0,2022-02-22 13:00:00,2656.0
1263.0,2022-02-22 14:00:00,2702.0
1264.0,2022-02-22 15:00:00,2809.0
1265.0,2022-02-22 16:00:00,2580.0
1266.0,2022-02-22 17:00:00,2357.0
1267.0,2022-02-22 18:00:00,2591.0
1268.0,2022-02-22 19:00:00,2625.0
,2022-02-22 20:00:00,2517.0
1270.0,2022-02-22 21:00:00,2668.0
1271.0,2022-02-22 22:00:00,2837.0
1272.0,2022-02-22 23:00:00,2683.0
1273.0,,2207.0
1274.0,2022-02-23 01:00:00,2102.0
1275.0,2022-02-23 02:00:00,
1276.0,2022-02-23 03:00:00,2102.0
1277.0,2022-02-23 04:00:00,2950.0
1278.0,2022-02-23 05:00:00,2771.0
1279.0,2022-02-23 06:00:00,2504.0
1280.0,2022-02-23 07:00:00,2865.0
1281.0,2022-02-23 08:00:00,2347.0
1282.0,2022-02-23 09:00:00,2262.0
1283.0,2022-02-23 10:00:00,2190.0
1284.0,2022-02-23 11:00:00,2736.0
1285.0,2022-02-23 12:00:00,2288.0
1286.0,2022-02-23 13:00:00,2246.0
1287.0,2022-02-23 14:00:00,2191.0
1288.0,2022-02-23 15:00:00,2842.0
1289.0,2022-02-23 16:00:00,2076.0
1290.0,2022-02-23 17:00:00,2906.0
1291.0,2022-02-23 18:00:00,2469.0
1292.0,2022-02-23 19:00:00,2641.0
1293.0,2022-02-23 20:00:00,2782.0
1294.0,2022-02-23 21:00:00,2593.0
1295.0,2022-02-23 22:00:00,2159.0
1296.0,2022-02-23 23:00:00,2912.0
1297.0,2022-02-24 00:00:00,
1298.0,2022-02-24 01:00:00,2453.0
,2022-02-24 02:00:00,2772.0
1300.0,2022-02-24 03:00:00,2115.0
,2022-02-24 04:00:00,2947.0
1302.0,2022-02-24 05:00:00,2341.0
1303.0,2022-02-24 06:00:00,2067.0
1304.0,2022-02-24 07:00:00,2555.0
1305.0,2022-02-24 08:00:00,2001.0
1306.0,2022-02-24 09:00:00,2088.0
1307.0,2022-02-24 10:00:00,2629.0
1308.0,2022-02-24 11:00:00,2765.0
1309.0,2022-02-24 12:00:00,2890.0
1310.0,2022-02-24 13:00:00,2947.0
1311.0,2022-02-24 14:00:00,2649.0
1312.0,2022-02-24 15:00:00,2957.0
1313.0,2022-02-24 16:00:00,2340.0
1314.0,2022-02-24 17:00:00,2384.0
1315.0,2022-02-24 18:00:00,2224.0
1316.0,2022-02-24 19:00:00,2013.0
1317.0,2022-02-24 20:00:00,
1318.0,2022-02-24 21:00:00,2491.0
1319.0,2022-02-24 22:00:00,2198.0
1320.0,2022-02-24 23:00:00,2145.0
1321.0,2022-02-25 00:00:00,2615.0
1322.0,2022-02-25 01:00:00,2674.0
1323.0,2022-02-25 02:00:00,2368.0
1324.0,2022-02-25 03:00:00,2447.0
1325.0,2022-02-25 04:00:00,2608.0
1326.0,2022-02-25 05:00:00,2930.0
1327.0,2022-02-25 06:00:00,2406.0
1328.0,2022-02-25 07:00:00,
1329.0,2022-02-25 08:00:00,2909.0
1330.0,2022-02-25 09:00:00,2013.0
1331.0,2022-02-25 10:00:00,2780.0
1332.0,2022-02-25 11:00:00,2087.0
1333.0,2022-02-25 12:00:00,2951.0
1334.0,2022-02-25 13:00:00,2669.0
1335.0,2022-02-25 14:00:00,2484.0
1336.0,2022-02-25 15:00:00,2732.0
1337.0,,2850.0
1338.0,2022-02-25 17:00:00,2469.0
1339.0,2022-02-25 18:00:00,
1340.0,2022-02-25 19:00:00,2561.0
1341.0,2022-02-25 20:00:00,2974.0
1342.0,2022-02-25 21:00:00,2835.0
1343.0,2022-02-25 22:00:00,
1344.0,2022-02-25 23:00:00,2712.0
1345.0,2022-02-26 00:00:00,2261.0
1346.0,2022-02-26 01:00:00,2630.0
1347.0,2022-02-26 02:00:00,2942.0
1348.0,2022-02-26 03:00:00,2178.0
1349.0,2022-02-26 04:00:00,2158.0
1350.0,2022-02-26 05:00:00,2404.0
1351.0,2022-02-26 06:00:00,2360.0
1352.0,2022-02-26 07:00:00,2788.0
1353.0,2022-02-26 08:00:00,2588.0
1354.0,2022-02-26 09:00:00,2637.0
1355.0,2022-02-26 10:00:00,2826.0
1356.0,2022-02-26 11:00:00,2926.0
1357.0,2022-02-26 12:00:00,2095.0
1358.0,2022-02-26 13:00:00,2936.0
1359.0,2022-02-26 14:00:00,2002.0
1360.0,2022-02-26 15:00:00,2846.0
1361.0,2022-02-26 16:00:00,2276.0
1362.0,2022-02-26 17:00:00,2369.0
,2022-02-26 18:00:00,2485.0
1364.0,2022-02-26 19:00:00,2883.0
1365.0,2022-02-26 20:00:00,2959.0
1366.0,2022-02-26 21:00:00,2450.0
1367.0,2022-02-26 22:00:00,2061.0
1368.0,2022-02-26 23:00:00,2380.0
1369.0,2022-02-27 00:00:00,2710.0
1370.0,2022-02-27 01:00:00,
1371.0,2022-02-27 02:00:00,2414.0
1372.0,2022-02-27 03:00:00,2335.0
1373.0,2022-02-27 04:00:00,2031.0
1374.0,2022-02-27 05:00:00,2737.0
1375.0,2022-02-27 06:00:00,2649.0
1376.0,2022-02-27 07:00:00,2765.0
1377.0,2022-02-27 08:00:00,2207.0
1378.0,2022-02-27 09:00:00,2842.0
1379.0,,2026.0
1380.0,2022-02-27 11:00:00,2414.0
1381.0,2022-02-27 12:00:00,2605.0
1382.0,,2346.0
1383.0,2022-02-27 14:00:00,2177.0
1384.0,2022-02-27 15:00:00,2572.0
1385.0,2022-02-27 16:00:00,2652.0
1386.0,2022-02-27 17:00:00,2728.0
,2022-02-27 18:00:00,2571.0
1388.0,2022-02-27 19:00:00,2387.0
1389.0,2022-02-27 20:00:00,2089.0
1390.0,2022-02-27 21:00:00,2836.0
1391.0,2022-02-27 22:00:00,2194.0
1392.0,2022-02-27 23:00:00,2461.0
1393.0,2022-02-28 00:00:00,2511.0
1394.0,2022-02-28 01:00:00,2136.0
1395.0,2022-02-28 02:00:00,
1396.0,2022-02-28 03:00:00,2067.0
1397.0,2022-02-28 04:00:00,2845.0
1398.0,2022-02-28 05:00:00,2051.0
1399.0,2022-02-28 06:00:00,2664.0
,2022-02-28 07:00:00,2238.0
1401.0,2022-02-28 08:00:00,2029.0
1402.0,2022-02-28 09:00:00,2190.0
1403.0,2022-02-28 10:00:00,2976.0
1404.0,2022-02-28 11:00:00,2503.0
1405.0,2022-02-28 12:00:00,2020.0
1406.0,2022-02-28 13:00:00,2819.0
1407.0,,2735.0
1408.0,2022-02-28 15:00:00,
1409.0,2022-02-28 16:00:00,2020.0
1410.0,2022-02-28 17:00:00,2069.0
1411.0,2022-02-28 18:00:00,2829.0
1412.0,2022-02-28 19:00:00,2455.0
1413.0,2022-02-28 20:00:00,2565.0
1414.0,2022-02-28 21:00:00,2664.0
1415.0,2022-02-28 22:00:00,2703.0
1416.0,2022-02-28 23:00:00,2679.0
1417.0,2022-03-01 00:00:00,2021.0
1418.0,2022-03-01 01:00:00,2225.0
1419.0,2022-03-01 02:00:00,2749.0
1420.0,2022-03-01 03:00:00,2724.0
1421.0,2022-03-01 04:00:00,2219.0
1422.0,2022-03-01 05:00:00,2991.0
1423.0,2022-03-01 06:00:00,2535.0
1424.0,2022-03-01 07:00:00,2317.0
1425.0,,2875.0
1426.0,2022-03-01 09:00:00,2394.0
1427.0,2022-03-01 10:00:00,2736.0
1428.0,2022-03-01 11:00:00,2193.0
1429.0,2022-03-01 12:00:00,2651.0
,2022-03-01 13:00:00,2164.0
1431.0,2022-03-01 14:00:00,2518.0
1432.0,2022-03-01 15:00:00,2277.0
1433.0,2022-03-01 16:00:00,2255.0
1434.0,2022-03-01 17:00:00,2148.0
1435.0,2022-03-01 18:00:00,2087.0
1436.0,2022-03-01 19:00:00,2897.0
1437.0,2022-03-01 20:00:00,2761.0
1438.0,2022-03-01 21:00:00,2813.0
1439.0,2022-03-01 22:00:00,2895.0
1440.0,2022-03-01 23:00:00,2104.0
1441.0,2022-03-02 00:00:00,2016.0
1442.0,2022-03-02 01:00:00,2611.0
1443.0,2022-03-02 02:00:00,
1444.0,2022-03-02 03:00:00,2322.0
1445.0,2022-03-02 04:00:00,2117.0
1446.0,2022-03-02 05:00:00,2434.0
1447.0,2022-03-02 06:00:00,2168.0
1448.0,2022-03-02 07:00:00,2364.0
,2022-03-02 08:00:00,2785.0
1450.0,2022-03-02 09:00:00,2681.0
1451.0,2022-03-02 10:00:00,2579.0
,2022-03-02 11:00:00,2883.0
1453.0,2022-03-02 12:00:00,2422.0
1454.0,2022-03-02 13:00:00,2498.0
1455.0,2022-03-02 14:00:00,
1456.0,2022-03-02 15:00:00,2400.0
1457.0,2022-03-02 16:00:00,2748.0
1458.0,2022-03-02 17:00:00,2275.0
1459.0,2022-03-02 18:00:00,2826.0
1460.0,2022-03-02 19:00:00,2581.0
1461.0,2022-03-02 20:00:00,2361.0
1462.0,2022-03-02 21:00:00,2272.0
1463.0,2022-03-02 22:00:00,2007.0
1464.0,2022-03-02 23:00:00,2894.0
1465.0,2022-03-03 00:00:00,2062.0
1466.0,2022-03-03 01:00:00,2050.0
1467.0,2022-03-03 02:00:00,2627.0
1468.0,2022-03-03 03:00:00,2638.0
1469.0,2022-03-03 04:00:00,2071.0
1470.0,2022-03-03 05:00:00,2155.0
1471.0,2022-03-03 06:00:00,2138.0
1472.0,2022-03-03 07:00:00,2438.0
1473.0,2022-03-03 08:00:00,2022.0
1474.0,2022-03-03 09:00:00,2406.0
1475.0,2022-03-03 10:00:00,2988.0
1476.0,2022-03-03 11:00:00,2326.0
1477.0,2022-03-03 12:00:00,2041.0
1478.0,2022-03-03 13:00:00,2015.0
,2022-03-03 14:00:00,
1480.0,2022-03-03 15:00:00,2512.0
1481.0,2022-03-03 16:00:00,2722.0
1482.0,2022-03-03 17:00:00,2026.0
1483.0,2022-03-03 18:00:00,2138.0
1484.0,2022-03-03 19:00:00,2706.0
1485.0,2022-03-03 20:00:00,2370.0
1486.0,2022-03-03 21:00:00,2886.0
1487.0,2022-03-03 22:00:00,2390.0
1488.0,2022-03-03 23:00:00,2644.0
1489.0,2022-03-04 00:00:00,2647.0
,2022-03-04 01:00:00,2028.0
1491.0,2022-03-04 02:00:00,2716.0
1492.0,2022-03-04 03:00:00,2100.0
1493.0,2022-03-04 04:00:00,2376.0
1494.0,2022-03-04 05:00:00,2575.0
1495.0,2022-03-04 06:00:00,
1496.0,2022-03-04 07:00:00,2086.0
1497.0,2022-03-04 08:00:00,2966.0
,2022-03-04 09:00:00,2676.0
1499.0,2022-03-04 10:00:00,2794.0
1500.0,2022-03-04 11:00:00,2542.0
