TransactionID,AnomalyScore
1.0,0.482829323987991
2.0,0.05109291196348226
3.0,0.12077422291001622
4.0,0.025207579345456976
,0.1112354194003205
6.0,0.37426792781755824
7.0,0.35205522236587294
8.0,0.18753922434121545
9.0,0.22744345936548255
10.0,0.12951677207403017
11.0,0.4414319172491014
12.0,0.2935232304703916
13.0,0.047989192470815845
14.0,0.13618621190421837
15.0,0.2560897592781239
16.0,0.3057206634875982
17.0,0.011937580294303862
18.0,0.37713225900572256
19.0,0.13148736844406334
20.0,0.1878342738744131
21.0,0.14706717794740898
22.0,0.02141631490501833
23.0,0.12122615600497011
24.0,0.4904590978424153
25.0,0.12689053123656563
26.0,0.43897836891164016
27.0,0.30713027855269437
28.0,0.922896708417654
29.0,0.3829853249180985
30.0,0.36960009553891315
31.0,0.18514273259469888
32.0,0.31508129754085856
33.0,0.06136685180065943
,0.37718638454223424
35.0,0.16548376974680756
36.0,0.28634246349193576
37.0,0.427664251320707
38.0,0.328533516367644
39.0,0.4070280794166005
40.0,0.38214811701297974
41.0,0.23800727437166047
42.0,0.2783987629046514
43.0,0.4183041886064536
44.0,0.05035539197047312
45.0,0.2785920524526204
46.0,0.135052313527812
47.0,0.2719728950390275
48.0,0.010659683179356338
49.0,0.2862721886706888
,0.2740328984141843
51.0,0.4545826491594949
52.0,0.23117888485584226
53.0,0.38633265188697896
54.0,0.3202579022940498
55.0,0.166567458019656
56.0,0.4896941923289661
57.0,0.04311950760248018
58.0,0.17264011609037966
59.0,0.4787036508176635
60.0,0.43823795012509154
61.0,0.0787454193688995
62.0,0.29499895433076107
63.0,0.13321792338389576
64.0,0.39015663575291837
65.0,0.11188649494573788
66.0,0.32595652262409686
67.0,0.28959371718183347
68.0,0.4203215569073214
69.0,0.4204432262264957
70.0,0.3768003273750406
71.0,0.1850681341266573
72.0,0.41489620065075583
73.0,0.08954958589184525
74.0,0.3091891443443375
75.0,0.48891885006699015
76.0,0.25292411139766885
77.0,0.49643161227544336
78.0,0.19119609590433906
79.0,0.2395970590993326
,0.28249564116454
81.0,0.38333892100733685
82.0,0.12127013827808492
83.0,0.1430368159293831
84.0,0.1049248308155733
85.0,0.23951907737263062
86.0,0.4949700613306337
87.0,0.37604362094990823
88.0,0.10714116626583042
89.0,0.24610985877567887
90.0,0.3754906786508606
91.0,0.02816791423389109
92.0,0.21936512254124163
93.0,0.27923860476414397
94.0,0.0012875637409033858
95.0,0.14997323938903045
96.0,0.0877563985325896
97.0,0.3773549430518341
98.0,0.3752848517993522
99.0,0.19034823977680732
100.0,0.1392446211955159
101.0,0.2906053316762977
102.0,0.09395940911917944
103.0,0.40764153127192404
104.0,0.15334063711593188
105.0,0.2647280810425647
106.0,0.3988808465292846
107.0,0.275918040188046
108.0,0.23675478752032403
109.0,0.49379481442378864
110.0,0.2958509560816571
111.0,0.23504823883932596
112.0,0.4018669458425608
113.0,0.053051895645575164
114.0,0.277911972458877
115.0,0.47532315216601956
116.0,0.12296953757537238
117.0,0.20683525893987964
118.0,0.28603662539384783
119.0,0.44434089938228644
120.0,0.05328679392226415
121.0,0.1501345520612023
122.0,0.4346772294295787
123.0,0.2542836488409001
124.0,0.05465429646518699
125.0,0.23496424584531778
126.0,0.2315441152806343
127.0,0.44792773827657245
128.0,0.06964001360764915
,0.023588440171396663
130.0,0.37659825695567223
131.0,0.11855991665116772
132.0,0.3942765323661301
,0.43857649226532325
134.0,0.127511560218256
135.0,0.09501891274734775
136.0,0.15092088785286745
137.0,0.47731054650082044
138.0,0.04046250239589805
139.0,0.24573819807524233
140.0,0.020570674915285858
141.0,0.21825397280246317
142.0,0.10215727213626524
143.0,0.46470478119594305
144.0,0.11268981451732835
145.0,0.469065204243688
146.0,0.2253061842377182
147.0,0.017378119779199452
148.0,0.3364654382739536
149.0,0.08456871336055699
150.0,0.2403725394087085
151.0,0.33460621878591784
152.0,0.44096183515241516
153.0,0.015086919007866573
154.0,0.2804007646730162
155.0,0.49268999086720267
156.0,0.24685522608343474
157.0,0.23843886512231283
158.0,0.1680693124042819
159.0,0.43073196941372077
160.0,0.4823272245605104
161.0,0.0987077404098809
162.0,0.46180019451806725
163.0,0.06090209180944156
164.0,0.4874829126842739
,0.09309439412043202
166.0,0.21359431283537517
167.0,0.226884525252872
168.0,0.2886982699710934
169.0,0.16347092877856767
170.0,0.4780703639450779
171.0,0.485555159783794
172.0,0.06966170903145641
173.0,0.028864342794165332
174.0,0.007177740074488459
175.0,0.4182857787676163
176.0,0.09013429718425225
177.0,0.3390388576436193
178.0,0.23645251584147597
179.0,0.2655034085050776
180.0,0.29553149385000976
181.0,0.25156131966844814
182.0,0.09339561711033467
183.0,0.41383305320149266
184.0,0.08570745653364586
185.0,0.07982711607036641
,0.4168146685584362
187.0,0.046783607470599675
188.0,0.4513533286441966
189.0,0.0977298498938094
190.0,0.22774548390784344
191.0,0.219798330043735
192.0,0.19817294295038013
193.0,0.340270501052374
194.0,0.36718230619204306
195.0,0.3826768922277828
196.0,0.22594604339756869
197.0,0.4729970026293108
198.0,0.2777652228023893
199.0,0.2718527961402178
200.0,0.04353594361435281
201.0,0.25533774022006783
202.0,0.33796788134548994
203.0,0.17634758913655857
204.0,0.2523051784179194
205.0,0.18365009812409128
206.0,0.21749836272197032
207.0,0.2650552234097369
208.0,0.37488206443765903
209.0,0.29172739966057043
210.0,0.4763809250955265
211.0,0.02989130028752468
212.0,0.17634303339463198
213.0,0.4658817969207193
214.0,0.24802864133654112
215.0,0.040014774418757226
,0.13292125088835072
217.0,0.030587311105547188
218.0,0.15441499941884695
219.0,0.39374539163902955
220.0,0.04019371943900407
221.0,0.026976157703945847
222.0,0.26468411026700706
223.0,0.04068975152451387
224.0,0.40465152688937744
225.0,0.04565123174520014
226.0,0.3537577734283044
227.0,0.26290286050032535
228.0,0.2772966870793269
229.0,0.3561429403459676
230.0,0.2961385559320705
231.0,0.16760131087244295
232.0,0.07629205457365407
233.0,0.09990963924815133
234.0,0.47553941275659306
235.0,0.2197739820543665
236.0,0.2732167053054259
237.0,0.4979659172992327
238.0,0.153582969817198
239.0,0.1185116343823504
240.0,0.49347827918661297
241.0,0.03421371424596009
242.0,0.15017439713804515
243.0,0.3241742465866574
244.0,0.3664056022483884
245.0,0.0130947231243842
246.0,0.4616822675344123
247.0,0.14299760252912952
248.0,0.08272247499239449
249.0,0.1595515765192289
250.0,0.4556671988863796
251.0,0.45236950193252645
252.0,0.07141946554048306
253.0,0.1779596290281762
254.0,0.15207012465396585
255.0,0.9829236837632578
256.0,0.2798491701221087
257.0,0.18983587924145667
258.0,0.16646653627120594
,0.40242304739345586
260.0,0.3247084383041037
261.0,0.4890782201492057
262.0,0.2664145868533235
263.0,0.45937939024346863
264.0,0.23226108520708605
265.0,0.02700176077219757
266.0,0.1912341140119252
267.0,0.230546450118852
268.0,0.14362963308047083
,0.10378534902656428
270.0,0.40667302178753334
271.0,0.11379546606747637
272.0,0.12741778164384454
273.0,0.22989827606216062
274.0,0.4236346835189281
,0.06919464976878137
276.0,0.22098645631378178
277.0,0.21851750080511945
278.0,0.2812609326533894
,0.02694298977586984
280.0,0.006739402926857596
281.0,0.09069429555700004
282.0,0.24137156937818804
283.0,0.41334257839701904
284.0,0.304370019186006
285.0,0.4174120405125064
286.0,0.08204622528822647
287.0,0.026554283760095554
288.0,0.21630135077206752
289.0,0.09060694427528249
290.0,0.36722969250677895
291.0,0.05965329154559296
292.0,0.24402182374491738
293.0,0.2740071535615374
294.0,0.21062098841496762
295.0,0.4919126914339144
296.0,0.1096279508379881
297.0,0.07110490520872043
,0.44565014654673507
299.0,0.14391853949820205
300.0,0.4905450956017493
301.0,0.39564838012251724
302.0,0.04393531476765572
303.0,0.15830565326056245
304.0,0.20608449914594218
305.0,0.4685800246015993
306.0,0.44735346642939305
307.0,0.005926296268866149
308.0,0.08812111058614874
309.0,0.40096186572907144
310.0,0.13644056612606675
311.0,0.0733663738719173
312.0,0.169811199741573
313.0,0.02277936816555126
314.0,0.4355451201084769
315.0,0.291646494899528
316.0,0.2790240930893656
317.0,0.014935052523746162
318.0,0.20436734384292188
319.0,0.18786177908340912
320.0,0.0764002629520793
,0.3994928223365255
322.0,0.3640266785249919
323.0,0.33218702372018494
324.0,0.34351158795288705
,0.2903601647369167
326.0,0.09414392703746793
327.0,0.00025535513094049334
328.0,0.3549320678471848
329.0,0.38022848843569845
330.0,0.22573142853915196
331.0,0.008864493676675522
332.0,0.18844023146064115
333.0,0.9786183569059774
334.0,0.3630155011065297
,0.08769858351563986
336.0,0.20792509620456917
337.0,0.017389619946572732
338.0,0.17867971253140508
339.0,0.36899308177302986
340.0,0.04622344536212841
341.0,0.1942190316096869
342.0,0.021974972810194615
343.0,0.3868271876567052
344.0,0.3862883101448149
345.0,0.47303506492298353
346.0,0.02682015361408019
347.0,0.2871152687030554
348.0,0.14685366907910985
349.0,0.011975908131624524
350.0,0.4342658554121196
351.0,0.3457147059918207
352.0,0.2278727842477995
353.0,0.441627596912628
354.0,0.05692166943500837
355.0,0.18045503560532156
356.0,0.0669739325304417
357.0,0.1541956384507625
358.0,0.4394538831869845
359.0,0.44350095721438443
360.0,0.22085410506958886
361.0,0.031848423739358256
362.0,0.20573262300258283
363.0,0.00034326047939142734
364.0,0.13472853409041474
365.0,0.37354358427002476
366.0,0.4950184759355693
367.0,0.084361248885921
368.0,0.42736018754723615
369.0,0.188187646783553
370.0,0.3520655383004153
371.0,0.30444360760093986
372.0,0.21208580446662634
373.0,0.029715923355160268
374.0,0.47327186802954807
375.0,0.08869387776993554
376.0,0.11342265419271791
377.0,0.11191517897366776
378.0,0.47554511153994433
379.0,0.27984195857825406
380.0,0.282063759308814
381.0,0.49999968161323993
382.0,0.3695204083906809
383.0,0.17640157845076287
,0.3574182042498803
385.0,0.06101683386802098
386.0,0.03629309697270644
387.0,0.2018624348853122
388.0,0.24550128011684968
389.0,0.20397289916598638
390.0,0.051725200451928355
391.0,0.10758218864326707
392.0,0.46735003015408433
393.0,0.28950796731741113
394.0,0.057873015840079756
395.0,0.08433941062250444
396.0,0.28190497347847476
397.0,0.27656674555732363
398.0,0.41827477483965164
399.0,0.029012207882608887
400.0,0.41316694417206334
401.0,0.1674552310666419
,0.30735075574821125
403.0,0.07829595877826173
,0.07951028545936001
405.0,0.22049576873671073
406.0,0.15342374863159375
,0.0938972753635337
408.0,0.3020249615703237
409.0,0.08429408812147093
410.0,0.2440539971147368
411.0,0.04248404256909427
412.0,0.05020000200857555
413.0,0.48654956212373074
414.0,0.27541566161882675
,0.08727321973185886
416.0,0.15095204597963235
417.0,0.011108274168329324
418.0,0.40322493926363373
419.0,0.2321790969641303
420.0,0.44573761109786436
,0.31741651693694606
422.0,0.27094366524699964
423.0,0.20567990452777118
424.0,0.372610640586101
425.0,0.2796358966317031
426.0,0.16468869983681622
427.0,0.24933336513883697
428.0,0.4691458274873068
,0.12223543648079199
430.0,0.38750179530649403
431.0,0.457176419102054
432.0,0.1229476515180486
433.0,0.11857003149754758
434.0,0.3376434067961507
435.0,0.39934935961990764
436.0,0.22565500179941123
,0.2812133828469139
438.0,0.19649466535708915
439.0,0.050504525046271675
440.0,0.3354755850149815
441.0,0.12793870724532708
442.0,0.04353722204843408
443.0,0.09517631166214818
444.0,0.1710028131682157
445.0,0.004979476065665345
446.0,0.2962376128597354
447.0,0.46050670291705553
448.0,0.09358177576061749
449.0,0.22577336696880673
450.0,0.2581141894653403
451.0,0.3340941050451831
452.0,0.011534980220773872
453.0,0.28184138328950836
454.0,0.0031775770078631416
455.0,0.06067519575869551
456.0,0.25846629157350104
457.0,0.12128896074635409
,0.4226041877352409
459.0,0.39441237685534736
460.0,0.4052066790889546
461.0,0.47498854597645096
462.0,0.42387513591792036
463.0,0.09286814534319043
464.0,0.09128231107901341
465.0,0.005066868745890185
466.0,0.05353324612942567
467.0,0.2704392803853127
,0.343132694008251
469.0,0.16536971843290083
470.0,0.07325935544442852
471.0,0.23872952333303638
472.0,0.48424147073271406
473.0,0.2600048216320643
,0.323031649954319
475.0,0.1832108468737233
476.0,0.4746141523308522
477.0,0.45435353181352983
478.0,0.3861670718109773
479.0,0.2412244534897452
480.0,0.4323921493104011
481.0,0.36052513918014234
482.0,0.2171214970922385
483.0,0.419039196040344
484.0,0.1553671777961525
485.0,0.154001609504816
486.0,0.4080378363917251
487.0,0.05309403147034991
488.0,0.06946648437381009
489.0,0.41573930758938926
490.0,0.38925858350976084
491.0,0.21976286671376222
492.0,0.45212977655048503
493.0,0.06339830138302244
494.0,0.29225214546137684
495.0,0.33228180770745136
496.0,0.16376680074657024
497.0,0.4252916696883605
498.0,0.0609698465957319
499.0,0.04510998757784168
500.0,0.22361828729679445
501.0,0.03538215318204435
502.0,0.4375248372516846
503.0,0.11140595239381856
504.0,0.33546285582422447
505.0,0.4800433435612145
506.0,0.31114654888380155
507.0,0.3242920723533573
508.0,0.04392294779059419
509.0,0.08620254849598158
510.0,0.07062999604289638
511.0,0.09816208270802168
512.0,0.33176274688807883
513.0,0.3173516770451544
514.0,0.22437394713391584
515.0,0.3043552784936844
516.0,0.13216572723504455
517.0,0.21088784775985853
518.0,0.1244005215711666
519.0,0.43058426248208376
520.0,0.493201004419986
521.0,0.04371840409269856
522.0,0.0568099489930009
,0.37368678793110727
524.0,0.49220795546565177
525.0,0.38341006075385253
,0.2391486491582303
527.0,0.34024077467372305
528.0,0.019375361130399005
529.0,0.29445930022869987
530.0,0.1569164856539732
531.0,0.10630341468466636
532.0,0.345718040797682
533.0,0.4405528829596878
534.0,0.462864300175451
535.0,0.17596872901460475
536.0,0.0031036886487564863
537.0,0.15598720904625762
538.0,0.4724975982208854
539.0,0.24185934407281817
540.0,0.024035580888145835
541.0,0.4192492908269751
542.0,0.15638580130997287
543.0,0.10577448956296892
544.0,0.13402910859389378
545.0,0.44807834821351605
546.0,0.20881657613645854
547.0,0.3953211222690079
548.0,0.3254085972779485
549.0,0.1433038863392022
550.0,0.3645864961751205
551.0,0.04491961123872101
552.0,0.26837454570193187
553.0,0.15689014793979583
554.0,0.3921486883453123
555.0,0.08622478182502846
556.0,0.012955918230099561
557.0,0.19851521524106108
558.0,0.24228574371868128
559.0,0.3250859452014821
560.0,0.33757943449803596
561.0,0.3589059431402172
562.0,0.30105768853742376
563.0,0.10682484038777829
564.0,0.000829057164116187
565.0,0.04924955866535774
566.0,0.4413664789084573
567.0,0.34081811266535306
,0.20686254632570023
569.0,0.37125161297600495
570.0,0.2253098650000427
571.0,0.26010523065317936
572.0,0.2576465882059894
573.0,0.18791160530743461
574.0,0.12321571006090881
575.0,0.4704844429846747
576.0,0.36583568877565575
577.0,0.07489521932906462
578.0,0.18918055348609714
579.0,0.3297596918119049
580.0,0.18496729578304472
581.0,0.0797557480423548
582.0,0.030560153299753923
583.0,0.031688885710845105
584.0,0.20686022897531076
585.0,0.11955830052331357
,0.16406576202715462
,0.1957567064116229
588.0,0.44430385744399353
,0.13613592162636312
590.0,0.14004117472654498
591.0,0.4229402626309158
592.0,0.0301780313742247
593.0,0.4963360344472473
594.0,0.145300951313719
595.0,0.3574546022124542
596.0,0.4686481314449874
597.0,0.1564642867058636
598.0,0.0853339932161215
,0.23871160379708722
600.0,0.13078035411362354
601.0,0.19742731895223298
602.0,0.4175260979395026
603.0,0.43903137316499585
604.0,0.47254163852632264
,0.42569425451775306
606.0,0.27427898867924844
607.0,0.012256853159043402
608.0,0.14056791345261188
609.0,0.1516987213240763
610.0,0.26441194161309245
611.0,0.07770523143194541
612.0,0.3554139262028157
613.0,0.4082625629923865
,0.4847326666027923
615.0,0.09107815858775109
616.0,0.05942736023304962
617.0,0.2647290329654082
618.0,0.4205997215352222
619.0,0.33785769040312613
620.0,0.3262808558572369
,0.2605428920047201
622.0,0.44225412373539785
623.0,0.49666179069962546
624.0,0.3926572800436517
625.0,0.14597896256423498
626.0,0.9676217267176721
627.0,0.3809761154774068
628.0,0.17694143392166584
629.0,0.37909180241147594
630.0,0.4525678477218862
631.0,0.41762638335300756
632.0,0.4762626352609853
633.0,0.4348638809020827
634.0,0.03207982002990606
635.0,0.289527532680492
636.0,0.010864436364583119
637.0,0.36742458460571226
638.0,0.0005445575857726537
639.0,0.09722537374822271
640.0,0.36463538520742944
641.0,0.03661341372160054
642.0,0.0687607733520752
643.0,0.1855428121615985
,0.15618651895462854
645.0,0.43625941804343327
646.0,0.01953876231511187
647.0,0.1053296719412154
648.0,0.19561137345355994
649.0,0.13743345824256942
650.0,0.0988057900044022
651.0,0.4492092790556676
652.0,0.03608301893825344
653.0,0.32527725825958
654.0,0.3173120136509981
655.0,0.340226675003676
656.0,0.4785790444482197
657.0,0.45448686320042303
658.0,0.05925091201172955
659.0,0.4131688144487158
660.0,0.3809659543341617
661.0,0.1635627947232806
662.0,0.2614802811370376
663.0,0.3720403679253524
664.0,0.44529496182830847
665.0,0.45710592457939814
666.0,0.16508679755883177
667.0,0.42555720159051624
668.0,0.32109203930833957
669.0,0.12248740858379953
670.0,0.16103843446482502
671.0,0.020962918759258986
672.0,0.15880192117270414
673.0,0.03638131275684231
674.0,0.1563547976559373
675.0,0.8817975290392643
676.0,0.19331169528648512
677.0,0.030298940981929312
678.0,0.17267301886989983
679.0,0.25072336878051915
680.0,0.4180765382871414
681.0,0.4145739123144505
682.0,0.4167463491324599
683.0,0.4170846732563387
684.0,0.07737367039008242
685.0,0.13430882965099422
686.0,0.17170034698841513
687.0,0.1585208311479222
688.0,0.20374702608346762
689.0,0.31674576478289757
690.0,0.09415065635344927
691.0,0.27777021986233524
692.0,0.05230721169871794
693.0,0.2892144886834687
694.0,0.44412634815144214
695.0,0.1099043828937789
696.0,0.24642436474816037
697.0,0.08170529739077398
698.0,0.10659771297458431
699.0,0.27215900393304504
700.0,0.0919301392229736
701.0,0.17651405346137744
702.0,0.3474455494259626
703.0,0.03917192777546341
704.0,0.4823409581158377
705.0,0.4335895066413944
,0.36555647168683353
707.0,0.4805728230635616
708.0,0.35079814070708
709.0,0.46333539559924347
710.0,0.42224807747545545
711.0,0.4540228492937037
712.0,0.18490883770970235
713.0,0.1013842645269119
714.0,0.42105674882338373
715.0,0.4974559463140064
716.0,0.18268933456498698
717.0,0.21380762399392128
718.0,0.014769089921479128
719.0,0.11447092190559072
720.0,0.040021956139742965
721.0,0.11468265606425393
722.0,0.34914634239798104
723.0,0.4106217836618973
724.0,0.19419606999607913
725.0,0.3202308565807482
726.0,0.08531303592176165
727.0,0.301578601457691
728.0,0.4290267224821591
729.0,0.3647426197205687
730.0,0.023782099090417175
731.0,0.43209451322221787
732.0,0.11066209756463641
733.0,0.1551350302268678
734.0,0.07994828566344392
735.0,0.027137603485129058
736.0,0.08601996161908826
737.0,0.481058021754193
738.0,0.11900055079458877
739.0,0.18168153203456122
740.0,0.06940510291609675
741.0,0.33295869379219756
742.0,0.4658838605818532
743.0,0.30090414294931384
744.0,0.3475006795867426
745.0,0.2640266559964187
746.0,0.1822524448913369
747.0,0.3638468789220171
748.0,0.11965448623580749
749.0,0.3359622560904493
750.0,0.05934618489402477
751.0,0.4727522587599625
752.0,0.04394542433784249
753.0,0.12083176230445453
754.0,0.3743318969064799
755.0,0.31153162963731945
756.0,0.27007511885173113
757.0,0.1450271962054926
758.0,0.269399925921256
759.0,0.3191113424309614
760.0,0.31625925633414104
761.0,0.49111130206853937
762.0,0.35706104189552745
763.0,0.15738112890453038
764.0,0.029378109597628155
,0.42656555678729174
766.0,0.464862164295089
767.0,0.19459503847316745
768.0,0.03993179928371443
769.0,0.4998831397982185
770.0,0.09103139548607442
771.0,0.3145207434198841
772.0,0.46783934688034384
773.0,0.36467898153332795
774.0,0.2928365726242178
775.0,0.46699040807604947
776.0,0.1474131758609054
777.0,0.38105749289733215
778.0,0.2324283134840207
779.0,0.2421753924249701
780.0,0.1744807693255936
,0.37586883843149343
782.0,0.17971039677708445
783.0,0.35128191437317074
784.0,0.13548609887915658
785.0,0.26745857720775634
786.0,0.19326732713458022
787.0,0.009201927032327473
788.0,0.03876412403589602
789.0,0.012459473548193434
790.0,0.03501061738875022
791.0,0.027075947655343158
792.0,0.1501457497324482
793.0,0.1394582072383571
794.0,0.33556013681569874
795.0,0.3072998894744375
796.0,0.3474760552301091
797.0,0.14167317007077185
798.0,0.1232763746774318
799.0,0.1850737485513902
800.0,0.06985681276233763
801.0,0.3771517273209324
802.0,0.024318312087763583
,0.04115310348734441
804.0,0.06272596678340286
805.0,0.3949020807916248
806.0,0.3994134754066661
807.0,0.3740316469563412
808.0,0.490322123429603
809.0,0.25580466826980697
810.0,0.2623567624803843
811.0,0.3935134209778514
812.0,0.39554902411757037
813.0,0.2806329212266811
,0.2935034365319028
815.0,0.068603796839521
816.0,0.34244175018196304
817.0,0.24379719209855583
818.0,0.1155974083590216
819.0,0.37117082018103925
820.0,0.14035276511424905
821.0,0.35105979097976686
822.0,0.0017696152623578598
823.0,0.3277433426895447
824.0,0.32894339687566515
825.0,0.35179143355270187
826.0,0.49283419702508924
827.0,0.33552756860955163
828.0,0.31684320750368655
829.0,0.20437403868359505
830.0,0.05297740254000355
831.0,0.0005833685616101758
832.0,0.025766159313914405
833.0,0.09573739567486805
834.0,0.38772590613657676
835.0,0.36678323285995
836.0,0.15299777969921996
837.0,0.29149944823562784
838.0,0.23748094659296143
839.0,0.00036931252746463805
,0.31694506482839574
841.0,0.41495892121334255
842.0,0.4014498677510864
843.0,0.33164595724581686
844.0,0.1837217746436433
845.0,0.11773551033636626
,0.3036876025368788
847.0,0.2327840472668512
848.0,0.3305226052657682
849.0,0.3000889964908704
850.0,0.3968003112575927
851.0,0.17295745987279287
852.0,0.2301355317305676
853.0,0.15713253879653272
854.0,0.4868022534645378
855.0,0.47557307927437176
856.0,0.33093701606066483
857.0,0.37498727700386025
858.0,0.3577613472614299
859.0,0.03144724194086884
860.0,0.054655964836489934
861.0,0.008362110260452527
862.0,0.13063230382804447
863.0,0.4044299209321521
864.0,0.21818128447074175
865.0,0.4926006750693084
866.0,0.17731750369201854
867.0,0.12015631159455314
868.0,0.30305694318178567
869.0,0.08592130672363602
870.0,0.34296570722166814
871.0,0.3965561452245683
872.0,0.4898932474428682
873.0,0.06920155994736787
874.0,0.4067097202860563
875.0,0.22434772002646353
876.0,0.2905133143938707
877.0,0.2434996461736037
878.0,0.3624512165274984
879.0,0.05522872134706369
880.0,0.3379757788570365
881.0,0.43983397960450055
882.0,0.14206145354212357
883.0,0.30844546333727196
884.0,0.09515693256927993
885.0,0.3971752948701626
886.0,0.4408186095075891
887.0,0.36315791135705167
888.0,0.23140415089849214
889.0,0.06488646483258553
890.0,0.15269376899478776
,0.012147356839833645
892.0,0.07877715336595548
893.0,0.3201746932668803
894.0,0.04575974821113177
895.0,0.45471451467623053
896.0,0.00850436303182811
897.0,0.43343845576712753
898.0,0.28856943187836226
899.0,0.11012989735072842
900.0,0.21001428641772052
901.0,0.3691202687503475
902.0,0.2639817040952836
903.0,0.3556229874123906
904.0,0.7921283131108507
905.0,0.42867241867865735
906.0,0.09926285781072841
907.0,0.41193512940105653
,0.18600653487190266
909.0,0.3276595252111354
910.0,0.3078381752809722
911.0,0.1139859833011832
912.0,0.21168318197654412
913.0,0.44698612309483177
914.0,0.41589094910594937
915.0,0.3745756892446382
916.0,0.170282920985102
917.0,0.33468096971890304
918.0,0.30327258575828997
919.0,0.0386780694404964
920.0,0.005704571860586205
921.0,0.26837413491576284
922.0,0.43237678621830905
923.0,0.1200744889914459
924.0,0.3501661531237972
925.0,0.07463284566975464
926.0,0.07406649737140641
927.0,0.22083939886706933
928.0,0.13116189781249737
929.0,0.23469847691778256
930.0,0.1643807766918453
931.0,0.3917993114663351
932.0,0.06189132029160932
933.0,0.26716822035300397
934.0,0.3556110925844395
935.0,0.12455484637751757
936.0,0.14807951022571292
937.0,0.04599871420654417
938.0,0.2654135396872014
939.0,0.2131538657914504
940.0,0.062439425014615635
941.0,0.41895475931904397
942.0,0.15000696211158965
943.0,0.3469648661736925
944.0,0.024116425230721716
945.0,0.4505851854869807
946.0,0.0455491432877545
947.0,0.041534068330353446
948.0,0.3019852762350571
949.0,0.39483043538649
950.0,0.1504720163719957
951.0,0.24074369303678578
952.0,0.42537501899868274
953.0,0.1464286987494569
954.0,0.12387524253880583
955.0,0.4899097924363168
956.0,0.2850172775022395
957.0,0.3430103532605066
958.0,0.22156880756017716
959.0,0.1510419860865616
960.0,0.3180121222562608
961.0,0.41931318524068395
962.0,0.2794683238666664
963.0,0.4472168059500427
964.0,0.2127377817218603
965.0,0.4864356250428157
966.0,0.07711281034703849
967.0,0.19195130672889954
968.0,0.30177834950132937
969.0,0.23834721327944264
970.0,0.17619188897629995
971.0,0.1926440265329198
972.0,0.9978415444108826
973.0,0.11855801720780496
,0.040836081586512696
975.0,0.3366648584080013
,0.15902905358853003
977.0,0.17369177004074293
978.0,0.08052444628177347
979.0,0.36357238933492114
980.0,0.28669275077990847
981.0,0.21478937528809794
982.0,0.20822207287436728
983.0,0.3097740716788629
984.0,0.36649240887844414
985.0,0.11975313690216649
986.0,0.22249628874369098
987.0,0.091434866333226
988.0,0.33725477233058765
989.0,0.3976058613834439
990.0,0.3939429836665153
991.0,0.11989095624628415
992.0,0.3400691746125467
993.0,0.23965071058853382
994.0,0.1672910218248484
995.0,0.10330669893674116
996.0,0.25344556492717135
997.0,0.15139443048321966
998.0,0.3743539291448471
999.0,0.28890245703721085
1000.0,0.39258233194626535
1001.0,0.17949273781758257
1002.0,0.42892682273446037
1003.0,0.24507421667032125
1004.0,0.1864545642236079
1005.0,0.4781803598871386
1006.0,0.005417909714494629
,0.09708920591860393
1008.0,0.05846716341363428
1009.0,0.38764761573320045
1010.0,0.3899806742825991
1011.0,0.006442817582135663
1012.0,0.08114924262657597
1013.0,0.2715921718067745
1014.0,0.29779596259372154
1015.0,0.24988194485635168
1016.0,0.05458704187983676
1017.0,0.2646783923555855
1018.0,0.2902712238448243
1019.0,0.007351215376931397
1020.0,0.4301214388199425
1021.0,0.39059912258901097
1022.0,0.10844782591317637
1023.0,0.21303928476339945
1024.0,0.05279373830698797
1025.0,0.26544513495515926
1026.0,0.4540807359831452
1027.0,0.28192020176821186
1028.0,0.2898455632194227
1029.0,0.15566722939875954
1030.0,0.26425891415314445
1031.0,0.38392054495670724
1032.0,0.050110145433518216
1033.0,0.45018791740854713
1034.0,0.3448563094168427
1035.0,0.04434455824841782
1036.0,0.24091646285201035
1037.0,0.3980254205914105
1038.0,0.4137252877842927
1039.0,0.45955546381270357
1040.0,0.13029157319047285
1041.0,0.35234718841134927
1042.0,0.13275547825269762
1043.0,0.14634763538757367
1044.0,0.3224258845377711
1045.0,0.45752130422869186
1046.0,0.25562784710828507
1047.0,0.38745510556358626
1048.0,0.03483183944964752
1049.0,0.16295547004000566
1050.0,0.10516667150495235
1051.0,0.3647286329756425
1052.0,0.473990820197397
1053.0,0.18644794802921505
,0.40781027337035075
1055.0,0.025306831971485422
1056.0,0.2525178146197806
1057.0,0.12932300669735775
1058.0,0.39636729252741476
1059.0,0.2546122095623206
1060.0,0.19049596771805255
1061.0,0.32372645946876216
1062.0,0.4484324403759996
1063.0,0.06681423150834453
1064.0,0.19177479555719856
1065.0,0.15684247328165735
1066.0,0.1892422006560759
1067.0,0.29156446824337556
1068.0,0.3593128528235471
1069.0,0.16112829739938017
1070.0,0.0650188176851923
1071.0,0.2899537554020775
1072.0,0.07178417293625411
1073.0,0.2801725094282325
1074.0,0.482359095002148
1075.0,0.02698551677884653
,0.20130804349850973
1077.0,0.18125811406161857
1078.0,0.10881625476352647
1079.0,0.24301815086097167
1080.0,0.27950811920904595
1081.0,0.11585573539412514
1082.0,0.21861746764773798
1083.0,0.08316338562942327
1084.0,0.22230923860890195
1085.0,0.3547811900943299
1086.0,0.04055823165810862
1087.0,0.2904189242300958
1088.0,0.11249801716127644
1089.0,0.26830008164309543
1090.0,0.16660559173145062
1091.0,0.30371332733538775
1092.0,0.06200991366083264
1093.0,0.4185022788627522
,0.24827987284788794
,0.44122141805746706
1096.0,0.07014209034665198
1097.0,0.2425086646155986
1098.0,0.45203860674670665
,0.3840309471276155
1100.0,0.49102635349802426
1101.0,0.12763649059534105
1102.0,0.26345571716746524
1103.0,0.4513538258760761
1104.0,0.35214390859326666
1105.0,0.26480496573641854
1106.0,0.07387259141624003
,0.20163388343873606
1108.0,0.00462201299312659
1109.0,0.11834990532020373
1110.0,0.3360520282639546
1111.0,0.38943535736813284
1112.0,0.24921284909250124
1113.0,0.3623531731571591
1114.0,0.24119660027125706
1115.0,0.14574571124423558
1116.0,0.22197248002614162
1117.0,0.32556212719255934
1118.0,0.48996906618632613
1119.0,0.474386403717008
1120.0,0.3945053130304467
1121.0,0.45094644831799807
,0.07528750546342416
1123.0,0.16311054774603984
1124.0,0.3178121448528656
1125.0,0.3763314370782162
1126.0,0.11273347243267967
1127.0,0.25439795997030923
,0.21713962173433587
,0.13797448868335266
1130.0,0.14448668015991917
1131.0,0.49287526273255255
,0.3926563655996928
1133.0,0.16755978905905317
1134.0,0.09856609397278376
1135.0,0.46325229276122826
1136.0,0.16834253841674707
1137.0,0.4570422964092525
1138.0,0.021421623832760972
1139.0,0.2557430460965559
1140.0,0.4604229953520321
1141.0,0.058380926024355406
1142.0,0.20037065228453305
1143.0,0.12285037235290192
1144.0,0.448310854970357
1145.0,0.16301867431943878
1146.0,0.07802148407399478
1147.0,0.24352519701016706
1148.0,0.1060921785415016
1149.0,0.30441124819617776
1150.0,0.034104579729740125
1151.0,0.39346504674226535
1152.0,0.04144740845402728
1153.0,0.3882006375105371
1154.0,0.07327131696244898
1155.0,0.05859391470959768
1156.0,0.2928356331278538
1157.0,0.11206058109273742
,0.07851921476185225
1159.0,0.1030579648647541
1160.0,0.08141362520550544
1161.0,0.12601097912792503
,0.47072129251480427
1163.0,0.16481819185558666
1164.0,0.069897240375771
1165.0,0.0863842529964422
1166.0,0.10282542505376124
1167.0,0.49681650139935346
1168.0,0.1371303806661337
1169.0,0.25790854790519663
1170.0,0.020164289199986973
1171.0,0.2328497269624626
1172.0,0.295633621321965
1173.0,0.04346221709412934
1174.0,0.07702517281402738
1175.0,0.3845965738384228
1176.0,0.3702243910824849
1177.0,0.08139132114439884
1178.0,0.15131107735525656
1179.0,0.16663868401064236
1180.0,0.10786133256993896
1181.0,0.27734073930938186
1182.0,0.2836901843703626
1183.0,0.2892003029946292
1184.0,0.443986400834187
1185.0,0.1739382552387022
1186.0,0.21147751826816052
1187.0,0.41395810971874847
1188.0,0.0016982778901382112
1189.0,0.3762193997597169
1190.0,0.4214801469501517
1191.0,0.4063526182684609
1192.0,0.23367966888374087
1193.0,0.3727748289069878
1194.0,0.08974668369577926
1195.0,0.308116151165465
1196.0,0.2532499884538563
1197.0,0.24839833883305368
1198.0,0.2028044742604227
1199.0,0.403107307182213
1200.0,0.121666214749934
1201.0,0.10934791297357915
1202.0,0.07897533478295171
1203.0,0.4343235841415524
1204.0,0.03914470719752666
1205.0,0.4906009300649056
1206.0,0.3783516184442586
1207.0,0.354442994598969
1208.0,0.4836064546712457
1209.0,0.4979836215143994
1210.0,0.1278482147376217
1211.0,0.08143227984875218
1212.0,0.3610238709601652
1213.0,0.4681944588181077
1214.0,0.07450598853965434
1215.0,0.041236899374077374
1216.0,0.4229662758232283
1217.0,0.12964802310683965
1218.0,0.2695290987254749
1219.0,0.3852511637100357
1220.0,0.41260799820979915
1221.0,0.26888772223808743
1222.0,0.051108359700976214
1223.0,0.22442313561820465
1224.0,0.19124619548969896
1225.0,0.4305014394359013
1226.0,0.4334238737337685
1227.0,0.4490137963178401
1228.0,0.2905173004870171
1229.0,0.07673053472185648
,0.3046689171818458
1231.0,0.1744787348735342
,0.48537334901917983
1233.0,0.4278744734055875
1234.0,0.7797089336204095
1235.0,0.027765836219567075
1236.0,0.07489943957417788
,0.2548438345305835
1238.0,0.10779793768509649
1239.0,0.4083520236789123
1240.0,0.04561928789335501
1241.0,0.1367242853039593
1242.0,0.43239599138621926
1243.0,0.3810708931026394
1244.0,0.1919528554802974
1245.0,0.09728628724100474
1246.0,0.09783062130562242
1247.0,0.4710152479901588
1248.0,0.09207953608219832
1249.0,0.48929261342517805
1250.0,0.2402184360988966
1251.0,0.07003236004890667
1252.0,0.32552466456645235
1253.0,0.052282678878506794
1254.0,0.02205950871525242
1255.0,0.16543189035189937
1256.0,0.3191062027974404
1257.0,0.2387038898377115
1258.0,0.06628592675375194
1259.0,0.11924046440507208
1260.0,0.28305518002103847
1261.0,0.49268777233958666
1262.0,0.4545449354593988
1263.0,0.18788440108942717
1264.0,0.053777541543217455
1265.0,0.9554795800133074
1266.0,0.3268953153920089
1267.0,0.24959313012613255
1268.0,0.32474157944018706
1269.0,0.2621449883706503
1270.0,0.14645873846568525
1271.0,0.06479236358055229
1272.0,0.3836773925950269
1273.0,0.3045446840570031
1274.0,0.4377055011775434
1275.0,0.13204909397640807
1276.0,0.37883115014815055
1277.0,0.3955032810430487
1278.0,0.23786608725098685
1279.0,0.4992784651212455
1280.0,0.39802600093403007
1281.0,0.141339974294115
1282.0,0.13189491332523962
1283.0,0.10083416398942402
1284.0,0.41792092332891934
1285.0,0.15234342413949503
1286.0,0.15427350839641557
1287.0,0.11890641484510939
1288.0,0.061444611862257026
1289.0,0.3287215675907429
1290.0,0.32705457424682366
1291.0,0.0661951111569623
1292.0,0.2085895579115255
1293.0,0.14125777039652643
1294.0,0.2273005119274592
1295.0,0.0338660941823305
1296.0,0.11704481418158724
1297.0,0.31305089060489993
1298.0,0.15772514252576036
1299.0,0.4394392579046049
1300.0,0.13828037726995812
1301.0,0.03845835905220485
1302.0,0.3991055690503194
1303.0,0.36721152161242265
1304.0,0.16503556522589835
1305.0,0.19300455269202688
1306.0,0.3900377987992559
1307.0,0.19551208239972284
1308.0,0.26416254160953956
1309.0,0.3874135252678076
1310.0,0.15325212494667279
1311.0,0.480732323215015
1312.0,0.36425990304343686
1313.0,0.4019228906658589
1314.0,0.3117768098060658
1315.0,0.4877830569260847
1316.0,0.027011775719354203
1317.0,0.3288936754578469
1318.0,0.35068384373918016
1319.0,0.12187827327672396
1320.0,0.39704489807482246
1321.0,0.022797752645648706
1322.0,0.09821268561335494
1323.0,0.4096319448924282
1324.0,0.19152836907358828
1325.0,0.40107607680480245
1326.0,0.28894783616721176
,0.41217438757117986
1328.0,0.19765146395519156
,0.7758743839589397
1330.0,0.025560944168520228
1331.0,0.4208415142303781
1332.0,0.3519249053481301
1333.0,0.43796728254078077
1334.0,0.22123701986808292
1335.0,0.2119694748589807
1336.0,0.26066034155554274
1337.0,0.4934264448895507
1338.0,0.07068668166126046
1339.0,0.49772949792760635
1340.0,0.04665912562843194
1341.0,0.1924985882572413
1342.0,0.07461036427329498
1343.0,0.010284490759597142
1344.0,0.45627571817964085
1345.0,0.4130814434829392
1346.0,0.4982423624128296
,0.1608087334982688
1348.0,0.41665452650945833
1349.0,0.2922203642292371
1350.0,0.294301484940228
1351.0,0.2897042894442284
,0.167711632761033
1353.0,0.23675342495498425
1354.0,0.06101247343947147
1355.0,0.48532975000419626
,0.4812490395673373
1357.0,0.37539962582563735
1358.0,0.15731737763479237
1359.0,0.28272565860683707
1360.0,0.20756525803251957
1361.0,0.13828068818070854
1362.0,0.4243772012746098
1363.0,0.3957140010622051
1364.0,0.031202121640307723
1365.0,0.11045109637027628
1366.0,0.48213826913952473
1367.0,0.3571694097021217
1368.0,0.20781812042907033
1369.0,0.1780940720091671
1370.0,0.38361437039692486
1371.0,0.16112042244230107
1372.0,0.24217960713629721
1373.0,0.1741625428398414
1374.0,0.17841626678322337
1375.0,0.3672379047976598
1376.0,0.4356074643505787
1377.0,0.2320001032693072
1378.0,0.397583479333707
1379.0,0.18268100318548564
1380.0,0.06404899066945241
1381.0,0.3015043522672672
1382.0,0.3853269877219236
1383.0,0.21462320381663647
1384.0,0.07545384960553397
1385.0,0.0891902701017816
1386.0,0.2062611042228933
1387.0,0.26163381943558633
1388.0,0.35382123873960414
1389.0,0.279368684638447
1390.0,0.32641303955775886
1391.0,0.1282151973907626
1392.0,0.27475168887312
1393.0,0.26759003108385443
1394.0,0.10397516967337372
1395.0,0.13014687927766266
1396.0,0.03262843372552415
1397.0,0.1897891848432653
1398.0,0.041821353200165
1399.0,0.1369578450684214
1400.0,0.32060180705376395
1401.0,0.4118584333546526
1402.0,0.2194556756363581
1403.0,0.18440139603602135
1404.0,0.027148923983652762
1405.0,0.030189097178703606
1406.0,0.44874425689835445
1407.0,0.23140913667960356
1408.0,0.36197505788438655
1409.0,0.37697159301211175
1410.0,0.42489502365984855
1411.0,0.24783439733360535
1412.0,0.07147567767309038
1413.0,0.45861648765788166
1414.0,0.029791047485970612
1415.0,0.17459807357698093
1416.0,0.45464984161328487
1417.0,0.053492805648867214
1418.0,0.45291810156796897
1419.0,0.1977300092231487
1420.0,0.15424138844804913
1421.0,0.4696192336994942
1422.0,0.28729834509234514
1423.0,0.11377935640605652
1424.0,0.4786757972191091
1425.0,0.2845595811143961
1426.0,0.4560929997619329
1427.0,0.4899563956710762
1428.0,0.08448309587549674
1429.0,0.2805500012893694
,0.21299588221243898
1431.0,0.01667700691136559
1432.0,0.32497738033646234
1433.0,0.4501467999683276
1434.0,0.20562038274489092
1435.0,0.09253255429501261
1436.0,0.2093740132065549
1437.0,0.3787859717121736
1438.0,0.38963161495221577
1439.0,0.09464137596388544
1440.0,0.2845601469300755
1441.0,0.3637727299867092
1442.0,0.2647338663318577
1443.0,0.31485042509739136
1444.0,0.08065569648832654
1445.0,0.4482443841464772
1446.0,0.36493127647990653
1447.0,0.19185050102668133
1448.0,0.15874163078188092
1449.0,0.47540362598762753
1450.0,0.3091631570342186
1451.0,0.37709223116237456
1452.0,0.4797408956548065
1453.0,0.2879777825908603
1454.0,0.44734119402430156
1455.0,0.4627665842189851
1456.0,0.35763812422885766
1457.0,0.4785502130127004
1458.0,0.16320869013400374
1459.0,0.22988759758454524
1460.0,0.7256808728590713
1461.0,0.16931999834683642
1462.0,0.4136290869155975
1463.0,0.0744768605881228
1464.0,0.4275300412770091
1465.0,0.15932228106944518
1466.0,0.01025706051538855
1467.0,0.3360168578173957
1468.0,0.1334995622713933
1469.0,0.2977142218032998
1470.0,0.04706965656962531
1471.0,0.21786496996667648
1472.0,0.009281921451580244
1473.0,0.04867265929593878
1474.0,0.2930130678376263
1475.0,0.27392524562559883
1476.0,0.2601691733438039
1477.0,0.33970324936553137
1478.0,0.14742483791032296
1479.0,0.042391962263562066
1480.0,0.37973121267112936
1481.0,0.03888662851893221
1482.0,0.20113277095562848
1483.0,0.38335881102766445
1484.0,0.4405502390086164
1485.0,0.08749728710552085
1486.0,0.10223405198263302
1487.0,0.29217415961206017
1488.0,0.3944893439508618
1489.0,0.15777913144900685
1490.0,0.0070946686285500715
1491.0,0.41035936542419954
1492.0,0.044135738043560246
1493.0,0.13356688199783273
1494.0,0.26044543086607114
1495.0,0.14430402188549096
1496.0,0.30970009691228007
1497.0,0.07405086221722668
1498.0,0.24611908116604725
1499.0,0.2120066473834003
1500.0,0.09124278909116806
803.0,0.41562384057763246
1216.0,0.16891376914033912
612.0,0.3430056873980608
955.0,0.14680210475282512
1249.0,0.20585527615433702
51.0,0.3131356095243732
87.0,0.1314518381354121
1274.0,0.10976996510746762
,0.05737772136098157
1155.0,0.30227696153159633
1493.0,0.13971320827969885
536.0,0.33678374268642197
,0.07788170102323172
,0.18888301693284337
1386.0,0.42059913661298404
42.0,0.05733272710485593
565.0,0.2980984507131902
1379.0,0.04164212768575615
,0.4772362428923614
1347.0,0.4560008417193646
683.0,0.252991147996085
1032.0,0.06724397844188473
304.0,0.35142027857870495
267.0,0.204405642697647
725.0,0.3065912418220446
993.0,0.12916954556385857
823.0,0.44236512371724535
367.0,0.4651796139420446
1489.0,0.09263460166291604
347.0,0.4184546057834144
