CustomerID,AccountBalance,LastLogin
1001,1387.8716664041797,2022-01-01
1002,8438.371417877584,2022-01-02
1003,9364.808407819577,2022-01-03
1004,3756.3725660263794,2022-01-04
1005,1991.5140380555997,2022-01-05
1006,3455.936758559629,2022-01-06
1007,7935.725980684373,2022-01-07
1008,7740.093974735197,2022-01-08
1009,2518.367477332973,2022-01-09
1010,2011.6503882269014,2022-01-10
1011,7430.117757778708,2022-01-11
1012,1978.9415114791002,2022-01-12
1013,8716.125374816264,2022-01-13
1014,8952.116766494248,2022-01-14
1015,9180.39076206212,2022-01-15
1016,5661.848847262942,2022-01-16
1017,7923.467366459135,2022-01-17
1018,5145.983818058736,2022-01-18
1019,9933.922424379638,2022-01-19
1020,7273.16759686367,2022-01-20
1021,1842.3057114157548,2022-01-21
1022,2595.358429425995,2022-01-22
1023,7105.962531594169,2022-01-23
1024,4744.55224337467,2022-01-24
1025,9730.507216632339,2022-01-25
1026,49992.06652325399,2022-01-26
1027,6820.123980412569,2022-01-27
1028,1740.4988501602127,2022-01-28
1029,4721.098334547434,2022-01-29
1030,6959.523986928243,2022-01-30
1031,3027.0437351553355,2022-01-31
1032,9792.891563085726,2022-02-01
1033,4941.112442578182,2022-02-02
1034,9468.509149114518,2022-02-03
1035,2075.7210447200673,2022-02-04
1036,8336.188771898078,2022-02-05
1037,5369.364401892343,2022-02-06
1038,8734.716352692918,2022-02-07
1039,7921.3311755863015,2022-02-08
1040,1913.2183905149473,2022-02-09
1041,5630.9167266710565,2022-02-10
1042,5873.681569417947,2022-02-11
1043,9137.03569728586,2022-02-12
1044,2892.4417541191146,2022-02-13
1045,4791.822280042248,2022-02-14
1046,6486.154368672743,2022-02-15
1047,2877.33231957923,2022-02-16
1048,4101.3086554308475,2022-02-17
1049,7224.284223636946,2022-02-18
1050,5208.491740788448,2022-02-19
1051,9103.231717924336,2022-02-20
1052,9071.325762670622,2022-02-21
1053,2436.032857923761,2022-02-22
1054,4868.032551126833,2022-02-23
1055,2929.7287690363064,2022-02-24
1056,8189.61803481072,2022-02-25
1057,4811.678757757927,2022-02-26
1058,1985.7175672372227,2022-02-27
1059,1654.5248845531391,2022-02-28
1060,3328.755989715186,2022-03-01
1061,1824.308817090709,2022-03-02
1062,5490.705501469237,2022-03-03
1063,4906.167170655735,2022-03-04
1064,2942.3956560634815,2022-03-05
1065,5106.425323363478,2022-03-06
1066,7144.011409845796,2022-03-07
1067,5448.352477317483,2022-03-08
1068,3413.829211466411,2022-03-09
1069,6976.685803383259,2022-03-10
1070,49992.06652325399,2022-03-11
1071,3873.292601319922,2022-03-12
1072,4257.557238739081,2022-03-13
1073,9516.699382125427,2022-03-14
1074,7209.827488538185,2022-03-15
1075,4195.958168263955,2022-03-16
1076,7136.569159802737,2022-03-17
1077,1814.9421090292844,2022-03-18
1078,8741.85347330742,2022-03-19
1079,2657.9127001062616,2022-03-20
1080,4289.9593080553295,2022-03-21
1081,7933.257935001885,2022-03-22
1082,7772.6850537272485,2022-03-23
1083,9729.620186375303,2022-03-24
1084,4079.1467751174364,2022-03-25
1085,3934.4661209017972,2022-03-26
1086,4945.794891786287,2022-03-27
1087,8769.124402115267,2022-03-28
1088,4164.391826274508,2022-03-29
1089,3691.023765453617,2022-03-30
1090,7843.246351433125,2022-03-31
1091,7253.910028956382,2022-04-01
1092,1221.0658864414795,2022-04-02
1093,1821.6602702938735,2022-04-03
1094,1702.5709160395345,2022-04-04
1095,5266.278653064719,2022-04-05
1096,9552.83016729298,2022-04-06
1097,2170.759530274966,2022-04-07
1098,7824.75039929463,2022-04-08
1099,49992.06652325399,2022-04-09
1100,7055.673787667268,2022-04-10
1101,4011.711108223701,2022-04-11
1102,9087.25173843537,2022-04-12
1103,4394.029269674393,2022-04-13
1104,7951.188855364094,2022-04-14
1105,6892.0501637115685,2022-04-15
1106,3528.3700644595497,2022-04-16
1107,5132.190397771583,2022-04-17
1108,3823.3398546043136,2022-04-18
1109,7408.414430770182,2022-04-19
1110,2505.1096584669262,2022-04-20
1111,4293.699547478731,2022-04-21
1112,6653.229339734887,2022-04-22
1113,7544.028069128608,2022-04-23
1114,1786.9824234761645,2022-04-24
1115,9922.348054681777,2022-04-25
1116,6116.001413272429,2022-04-26
1117,4759.271635415651,2022-04-27
1118,1003.3776266366923,2022-04-28
1119,6565.647469230621,2022-04-29
1120,7532.764373451407,2022-04-30
1121,6517.8945229381,2022-05-01
1122,9457.0780831029,2022-05-02
1123,2849.511354535197,2022-05-03
1124,3915.3913711127248,2022-05-04
1125,7737.292056471882,2022-05-05
1126,4418.090789706768,2022-05-06
1127,2380.1541543493995,2022-05-07
1128,1949.3246980456067,2022-05-08
1129,9735.868813097692,2022-05-09
1130,5314.708237764749,2022-05-10
1131,9804.114270026837,2022-05-11
1132,2315.8221079604373,2022-05-12
1133,9819.145760355426,2022-05-13
1134,3543.2123234882392,2022-05-14
1135,7906.830790831751,2022-05-15
1136,1298.0538384538609,2022-05-16
1137,7590.732295048312,2022-05-17
1138,6626.07373558397,2022-05-18
1139,8730.37226331566,2022-05-19
1140,6810.2924371069275,2022-05-20
1141,1786.9251096701723,2022-05-21
1142,6130.484962413561,2022-05-22
1143,9606.222186106568,2022-05-23
1144,8324.820226105508,2022-05-24
1145,4786.268910757994,2022-05-25
1146,6367.884386448873,2022-05-26
1147,8246.705469936696,2022-05-27
1148,2591.5584411938007,2022-05-28
1149,6521.878605183574,2022-05-29
1150,1319.5660179209328,2022-05-30
1151,8538.432770839869,2022-05-31
1152,4105.0716510509155,2022-06-01
1153,9520.926369219154,2022-06-02
1154,7007.561680557529,2022-06-03
1155,1736.8561630798865,2022-06-04
1156,4906.364806548998,2022-06-05
1157,9470.709285363535,2022-06-06
1158,2604.0483658388603,2022-06-07
1159,9679.54664849605,2022-06-08
1160,2052.7387385877496,2022-06-09
1161,2020.68255626085,2022-06-10
1162,8473.908058907895,2022-06-11
1163,9887.613175224787,2022-06-12
1164,3692.4504091019853,2022-06-13
1165,3124.9090014929816,2022-06-14
1166,6153.127352224204,2022-06-15
1167,7792.847079113954,2022-06-16
1168,8148.453066683622,2022-06-17
1169,3776.253602914356,2022-06-18
1170,1457.2518659754342,2022-06-19
1171,8644.43359908316,2022-06-20
1172,3640.7534706919887,2022-06-21
1173,4921.276941348027,2022-06-22
1174,3944.149603121823,2022-06-23
1175,5859.634809943905,2022-06-24
1176,5587.903231568127,2022-06-25
1177,8986.273964401655,2022-06-26
1178,2950.110989364846,2022-06-27
1179,49992.06652325399,2022-06-28
1180,6320.041167396951,2022-06-29
1181,49992.06652325399,2022-06-30
1182,3535.0496750785323,2022-07-01
1183,9450.452705479633,2022-07-02
1184,1159.6022647112159,2022-07-03
1185,6526.390465330288,2022-07-04
1186,6227.971021716825,2022-07-05
1187,8700.544368598179,2022-07-06
1188,9851.217173303325,2022-07-07
1189,1223.8052714852847,2022-07-08
1190,6901.218490861436,2022-07-09
1191,3684.8810119733394,2022-07-10
1192,8000.479814850299,2022-07-11
1193,6464.812392163277,2022-07-12
1194,9138.965811170114,2022-07-13
1195,5889.434465030681,2022-07-14
1196,3538.2273461020573,2022-07-15
1197,2906.2823230189865,2022-07-16
1198,9744.81693378647,2022-07-17
1199,5426.722582157247,2022-07-18
1200,4262.3678274523645,2022-07-19
1201,9287.822738684263,2022-07-20
1202,4737.743924484155,2022-07-21
1203,8757.15007404899,2022-07-22
1204,8050.86090428015,2022-07-23
1205,4472.935092541113,2022-07-24
1206,2985.534085659364,2022-07-25
1207,6693.197312698824,2022-07-26
1208,5782.454633667067,2022-07-27
1209,9185.55392242776,2022-07-28
1210,2665.2861032890055,2022-07-29
1211,2089.5209870996587,2022-07-30
1212,2092.265754644547,2022-07-31
1213,8305.288430297674,2022-08-01
1214,4598.113411710218,2022-08-02
1215,1045.5778990128156,2022-08-03
1216,3834.809507254348,2022-08-04
1217,9771.382959425891,2022-08-05
1218,1005.6269414045549,2022-08-06
1219,9204.984710085637,2022-08-07
1220,2315.4416482969964,2022-08-08
1221,8772.511605166132,2022-08-09
1222,9335.271983308148,2022-08-10
1223,8176.757943733517,2022-08-11
1224,7157.2076946210545,2022-08-12
1225,7814.57693574718,2022-08-13
1226,4260.466728890253,2022-08-14
1227,6197.416503419263,2022-08-15
1228,2105.302718022005,2022-08-16
1229,6690.732328366093,2022-08-17
1230,3469.5215536606206,2022-08-18
1231,5392.144740533259,2022-08-19
1232,9471.435491075108,2022-08-20
1233,7733.946409164249,2022-08-21
1234,7900.2622430491465,2022-08-22
1235,8448.532642231958,2022-08-23
1236,6830.039855213266,2022-08-24
1237,7486.033674204737,2022-08-25
1238,2463.2591629673825,2022-08-26
1239,6353.327708274397,2022-08-27
1240,8991.126771562296,2022-08-28
1241,3311.5044123309417,2022-08-29
1242,8709.951503685805,2022-08-30
1243,4326.522241078203,2022-08-31
1244,49992.06652325399,2022-09-01
1245,3114.398912577471,2022-09-02
1246,8009.887191583001,2022-09-03
1247,3250.7689333766243,2022-09-04
1248,5723.528270050797,2022-09-05
1249,1023.6796131064381,2022-09-06
1250,3158.284873020553,2022-09-07
1251,6699.636079841797,2022-09-08
1252,6226.222873297573,2022-09-09
1253,7507.222912313571,2022-09-10
1254,9914.202015114372,2022-09-11
1255,9958.025914822667,2022-09-12
1256,3629.431125058769,2022-09-13
1257,9747.981852728111,2022-09-14
1258,4765.502968508516,2022-09-15
1259,7675.684327193858,2022-09-16
1260,8563.033955565477,2022-09-17
1261,6953.9016776490225,2022-09-18
1262,6721.469867623903,2022-09-19
1263,6841.27713763176,2022-09-20
1264,9059.831176598684,2022-09-21
1265,49992.06652325399,2022-09-22
1266,2721.112628099876,2022-09-23
1267,8267.920017331828,2022-09-24
1268,8576.424403126126,2022-09-25
1269,6536.591076264426,2022-09-26
1270,2748.624726000162,2022-09-27
1271,5702.192353793944,2022-09-28
1272,1875.7401408119117,2022-09-29
1273,6177.636500543158,2022-09-30
1274,2654.0275653893323,2022-10-01
1275,5396.259330318832,2022-10-02
1276,3306.186123700724,2022-10-03
1277,9085.803474300566,2022-10-04
1278,9086.67976721377,2022-10-05
1279,9638.967846942418,2022-10-06
1280,6463.683637267028,2022-10-07
1281,4343.5354049825455,2022-10-08
1282,8371.9615132105,2022-10-09
1283,4806.809398264699,2022-10-10
1284,3982.135531721398,2022-10-11
1285,1634.315295160502,2022-10-12
1286,4118.328050087324,2022-10-13
1287,7991.269861134095,2022-10-14
1288,5898.494559915396,2022-10-15
1289,2976.118083037039,2022-10-16
1290,2334.4147420792683,2022-10-17
1291,6648.164372486105,2022-10-18
1292,9163.912970296227,2022-10-19
1293,3121.185550110166,2022-10-20
1294,6536.290485468467,2022-10-21
1295,7133.165940511296,2022-10-22
1296,8945.869178688936,2022-10-23
1297,6752.674401575944,2022-10-24
1298,9417.705190535346,2022-10-25
1299,3825.2172643037957,2022-10-26
1300,7247.444089289803,2022-10-27
1301,9620.908032946627,2022-10-28
1302,7803.130246466736,2022-10-29
1303,9099.7325718271,2022-10-30
1304,3295.5994372275823,2022-10-31
1305,2127.893237863458,2022-11-01
1306,8728.03669435814,2022-11-02
1307,1330.557942351371,2022-11-03
1308,3907.2983971412127,2022-11-04
1309,6561.8856461818805,2022-11-05
1310,7462.137807587411,2022-11-06
1311,49992.06652325399,2022-11-07
1312,3109.984120069007,2022-11-08
1313,49992.06652325399,2022-11-09
1314,8141.043476953102,2022-11-10
1315,8604.326142196143,2022-11-11
1316,3846.438900844376,2022-11-12
1317,5524.642600302782,2022-11-13
1318,6703.688056423227,2022-11-14
1319,4224.902579170835,2022-11-15
1320,4230.413710295445,2022-11-16
1321,8925.196145876514,2022-11-17
1322,2476.5829947760185,2022-11-18
1323,49992.06652325399,2022-11-19
1324,5087.526278849017,2022-11-20
1325,9293.508019631017,2022-11-21
1326,8431.418044725317,2022-11-22
1327,5208.589773171641,2022-11-23
1328,9053.63198733639,2022-11-24
1329,8974.829012212555,2022-11-25
1330,8316.423226779398,2022-11-26
1331,8360.36175687719,2022-11-27
1332,2619.8924846249965,2022-11-28
1333,2451.2401656213146,2022-11-29
1334,5962.945695851755,2022-11-30
1335,8724.274806035424,2022-12-01
1336,9963.519875726184,2022-12-02
1337,8469.347269057096,2022-12-03
1338,4342.378300444199,2022-12-04
1339,4682.741461543753,2022-12-05
1340,5823.607497865825,2022-12-06
1341,1098.227007960135,2022-12-07
1342,8649.31068651169,2022-12-08
1343,9294.588666196732,2022-12-09
1344,6831.464793804916,2022-12-10
1345,9663.860798759237,2022-12-11
1346,8970.022995484851,2022-12-12
1347,1805.3600185905784,2022-12-13
1348,8480.618305337259,2022-12-14
1349,3426.8450117699226,2022-12-15
1350,3663.981421710986,2022-12-16
1351,2535.241748231757,2022-12-17
1352,5297.641903788982,2022-12-18
1353,8572.430823656185,2022-12-19
1354,3750.514563067868,2022-12-20
1355,1623.1564772015558,2022-12-21
1356,6487.462694991486,2022-12-22
1357,5760.173703043903,2022-12-23
1358,1984.0898858385378,2022-12-24
1359,49992.06652325399,2022-12-25
1360,4582.810618540416,2022-12-26
1361,49992.06652325399,2022-12-27
1362,3530.705320214612,2022-12-28
1363,1062.17207105128,2022-12-29
1364,49992.06652325399,2022-12-30
1365,8794.449829484496,2022-12-31
1366,8559.971882593816,2023-01-01
1367,4616.370609453545,2023-01-02
1368,2802.9718754672667,2023-01-03
1369,7625.071865270653,2023-01-04
1370,1426.8467598022564,2023-01-05
1371,2921.737245437142,2023-01-06
1372,3547.8441145601055,2023-01-07
1373,8989.629633855267,2023-01-08
1374,1614.9860115678337,2023-01-09
1375,5477.1737428049155,2023-01-10
1376,4779.900347767787,2023-01-11
1377,3841.658941066859,2023-01-12
1378,9092.880789814939,2023-01-13
1379,5483.575554711697,2023-01-14
1380,4122.5151927866045,2023-01-15
1381,2322.229382611199,2023-01-16
1382,4145.046357537476,2023-01-17
1383,2742.3196222221154,2023-01-18
1384,5694.651258257623,2023-01-19
1385,5614.6274621620805,2023-01-20
1386,9129.673175266253,2023-01-21
1387,2597.117724162803,2023-01-22
1388,5077.821707622687,2023-01-23
1389,9366.466872678682,2023-01-24
1390,2114.111280749268,2023-01-25
1391,1452.6017727791718,2023-01-26
1392,7571.591048388053,2023-01-27
1393,4980.930162815486,2023-01-28
1394,1532.3643350815391,2023-01-29
1395,6786.578565682056,2023-01-30
1396,6647.166803398865,2023-01-31
1397,8814.561101441988,2023-02-01
1398,8655.764596097993,2023-02-02
1399,4986.603233878728,2023-02-03
1400,1755.1144017909105,2023-02-04
1401,3815.0861980246186,2023-02-05
1402,2615.7600052147136,2023-02-06
1403,4223.267318932065,2023-02-07
1404,4401.629990768017,2023-02-08
1405,3892.078857346705,2023-02-09
1406,6004.264523632701,2023-02-10
1407,9841.593390305741,2023-02-11
1408,8340.717614418005,2023-02-12
1409,8727.881316848907,2023-02-13
1410,49992.06652325399,2023-02-14
1411,6303.409527504504,2023-02-15
1412,8256.070087565495,2023-02-16
1413,9106.52000210535,2023-02-17
1414,3445.601510398037,2023-02-18
1415,4647.4892420386805,2023-02-19
1416,2380.1505940719817,2023-02-20
1417,9260.313416802828,2023-02-21
1418,9756.436384487046,2023-02-22
1419,5559.963590831473,2023-02-23
1420,8642.78985152064,2023-02-24
1421,1958.1021870171141,2023-02-25
1422,9773.840972393406,2023-02-26
1423,6068.097027456486,2023-02-27
1424,5190.142692825811,2023-02-28
1425,9444.19284452925,2023-03-01
1426,6490.289041671146,2023-03-02
1427,7371.643876197069,2023-03-03
1428,49992.06652325399,2023-03-04
1429,8417.237891076998,2023-03-05
1430,7601.22853345968,2023-03-06
1431,6634.942968032038,2023-03-07
1432,7404.3859326312,2023-03-08
1433,3561.690662674015,2023-03-09
1434,9570.437942984421,2023-03-10
1435,2293.613170715208,2023-03-11
1436,8245.816073585884,2023-03-12
1437,2488.2227678300924,2023-03-13
1438,1874.3659213464969,2023-03-14
1439,2260.8446406766107,2023-03-15
1440,8239.260949872985,2023-03-16
1441,7585.110722332079,2023-03-17
1442,9784.719166617855,2023-03-18
1443,6263.371372569183,2023-03-19
1444,6084.035033164103,2023-03-20
1445,9408.929313421386,2023-03-21
1446,3686.3837032976626,2023-03-22
1447,3133.949523126989,2023-03-23
1448,7524.747173954896,2023-03-24
1449,3754.6564513033613,2023-03-25
1450,7844.305925539978,2023-03-26
1451,2825.2247832305966,2023-03-27
1452,6487.415696697909,2023-03-28
1453,6165.340858213583,2023-03-29
1454,8742.503208105438,2023-03-30
1455,4707.38739146432,2023-03-31
1456,7136.588903300408,2023-04-01
1457,9953.139835913862,2023-04-02
1458,7581.35399986428,2023-04-03
1459,3422.7405234750627,2023-04-04
1460,3410.6636148010257,2023-04-05
1461,2765.9218484368257,2023-04-06
1462,7010.00685178348,2023-04-07
1463,1226.3454702231893,2023-04-08
1464,9297.847836075034,2023-04-09
1465,4861.413389268308,2023-04-10
1466,2648.80430618472,2023-04-11
1467,1645.2051986436468,2023-04-12
1468,8574.221084901568,2023-04-13
1469,6824.795709093536,2023-04-14
1470,4769.505481399908,2023-04-15
1471,6319.520909278251,2023-04-16
1472,6765.872112209275,2023-04-17
1473,8899.293084576831,2023-04-18
1474,8436.208173376177,2023-04-19
1475,6599.12385596302,2023-04-20
1476,2551.0463732648914,2023-04-21
1477,1620.9388586114546,2023-04-22
1478,4536.12161464034,2023-04-23
1479,7650.1761358101985,2023-04-24
1480,9822.739840235414,2023-04-25
1481,8288.75352793506,2023-04-26
1482,3328.0477824584423,2023-04-27
1483,2827.3191132962834,2023-04-28
1484,6907.334177820421,2023-04-29
1485,3687.0293571082125,2023-04-30
1486,5628.777084960445,2023-05-01
1487,3402.901956081417,2023-05-02
1488,5934.760802224051,2023-05-03
1489,7120.891732286532,2023-05-04
1490,2753.841544618065,2023-05-05
1491,6946.312123247687,2023-05-06
1492,1077.3341405964807,2023-05-07
1493,8324.533198608908,2023-05-08
1494,2288.8122517839843,2023-05-09
1495,3989.1705826926145,2023-05-10
1496,1613.8846248363168,2023-05-11
1497,4033.2507607928233,2023-05-12
1498,2308.6218877858964,2023-05-13
1499,1747.204234930771,2023-05-14
1500,4552.419011241344,2023-05-15
1501,8244.593742019315,2023-05-16
1502,4446.692071420552,2023-05-17
1503,3199.5674405649706,2023-05-18
1504,6447.414717765191,2023-05-19
1505,49992.06652325399,2023-05-20
1506,3738.572198707694,2023-05-21
1507,3620.3148348685336,2023-05-22
1508,1968.0442402465787,2023-05-23
1509,2984.541502782161,2023-05-24
1510,2043.693050551889,2023-05-25
1511,5670.739340443975,2023-05-26
1512,4097.871097802379,2023-05-27
1513,4985.62786832303,2023-05-28
1514,9620.30322305976,2023-05-29
1515,9209.965392445472,2023-05-30
1516,5769.24073751638,2023-05-31
1517,7860.019478688153,2023-06-01
1518,7839.133999201929,2023-06-02
1519,2395.2974444688643,2023-06-03
1520,4876.528761704672,2023-06-04
1521,6786.008994808984,2023-06-05
1522,3112.248094993793,2023-06-06
1523,6520.192674110627,2023-06-07
1524,5840.065571125456,2023-06-08
1525,8437.489156440199,2023-06-09
1526,6437.836531450857,2023-06-10
1527,3422.902330548165,2023-06-11
1528,1180.3510651209788,2023-06-12
1529,9257.73879382289,2023-06-13
1530,8542.775970363462,2023-06-14
1531,6883.880736567886,2023-06-15
1532,4229.169819851759,2023-06-16
1533,2045.7893666783525,2023-06-17
1534,7430.433849294064,2023-06-18
1535,9519.700864112467,2023-06-19
1536,1866.3525835810033,2023-06-20
1537,9473.184748571393,2023-06-21
1538,8368.64527539008,2023-06-22
1539,5057.015348607888,2023-06-23
1540,7627.16614258393,2023-06-24
1541,9995.025933637055,2023-06-25
1542,7334.08893999051,2023-06-26
1543,8176.422813962748,2023-06-27
1544,3373.7380827547217,2023-06-28
1545,1893.663964188191,2023-06-29
1546,7775.915317583973,2023-06-30
1547,7253.016698450619,2023-07-01
1548,2874.7914921573047,2023-07-02
1549,9573.181485696461,2023-07-03
1550,6320.187225554288,2023-07-04
1551,5026.996702692004,2023-07-05
1552,4233.0238237250705,2023-07-06
1553,8904.743349068702,2023-07-07
1554,2272.344914435169,2023-07-08
1555,3344.581536831598,2023-07-09
1556,9783.499314454486,2023-07-10
1557,9772.431239214346,2023-07-11
1558,9317.520053826807,2023-07-12
1559,3365.765059922321,2023-07-13
1560,5957.425795612398,2023-07-14
1561,2548.2684414418973,2023-07-15
1562,1761.665944515102,2023-07-16
1563,6040.613232747235,2023-07-17
1564,6468.242397410863,2023-07-18
1565,8772.579056340097,2023-07-19
1566,7003.918016369537,2023-07-20
1567,2673.916674703486,2023-07-21
1568,7705.9010403245065,2023-07-22
1569,8348.481008852936,2023-07-23
1570,4002.374243724233,2023-07-24
1571,9445.115250198909,2023-07-25
1572,6269.893280984423,2023-07-26
1573,6782.36872110544,2023-07-27
1574,5119.839050932319,2023-07-28
1575,5615.300068215342,2023-07-29
1576,2538.8275033564996,2023-07-30
1577,9405.097708316469,2023-07-31
1578,1126.149472301954,2023-08-01
1579,9535.92581954906,2023-08-02
1580,6459.625141262713,2023-08-03
1581,5646.440152399102,2023-08-04
1582,6480.487807843219,2023-08-05
1583,5150.253501809188,2023-08-06
1584,4668.74635972244,2023-08-07
1585,1251.63583039439,2023-08-08
1586,8214.521694820767,2023-08-09
1587,3187.487338710836,2023-08-10
1588,5556.312081916276,2023-08-11
1589,1094.944344516406,2023-08-12
1590,5858.677183175888,2023-08-13
1591,9873.892227078977,2023-08-14
1592,49992.06652325399,2023-08-15
1593,4090.571616179965,2023-08-16
1594,1275.3436596834795,2023-08-17
1595,9676.553615012268,2023-08-18
1596,7654.278792460886,2023-08-19
1597,6074.316841622208,2023-08-20
1598,49992.06652325399,2023-08-21
1599,5389.49550437686,2023-08-22
1600,1309.9376130049154,2023-08-23
1601,8901.619705118315,2023-08-24
1602,2542.979541353021,2023-08-25
1603,9197.75141695311,2023-08-26
1604,9281.410637498624,2023-08-27
1605,2038.3281982291762,2023-08-28
1606,1755.9908554123276,2023-08-29
1607,8533.278608414867,2023-08-30
1608,5344.982121519761,2023-08-31
1609,2931.471178171111,2023-09-01
1610,4335.7018506028235,2023-09-02
1611,4903.360099527868,2023-09-03
1612,1496.5247425687242,2023-09-04
1613,6644.283413988733,2023-09-05
1614,9626.028513164607,2023-09-06
1615,7418.071408553113,2023-09-07
1616,1152.4512453240075,2023-09-08
1617,3194.079710594229,2023-09-09
1618,2143.406455355389,2023-09-10
1619,7743.054186396729,2023-09-11
1620,9414.19216222989,2023-09-12
1621,7320.360168362444,2023-09-13
1622,2158.208017694487,2023-09-14
1623,9140.006638134388,2023-09-15
1624,1050.5761078514142,2023-09-16
1625,1479.9669906242184,2023-09-17
1626,7858.835547526099,2023-09-18
1627,3278.580517235327,2023-09-19
1628,3658.709384981023,2023-09-20
1629,3234.8790778278594,2023-09-21
1630,2914.2350029103636,2023-09-22
1631,3685.8855448304935,2023-09-23
1632,7074.243375749051,2023-09-24
1633,4220.735591412453,2023-09-25
1634,4597.419723148356,2023-09-26
1635,4884.216897011068,2023-09-27
1636,6071.512818606375,2023-09-28
1637,7637.68972820659,2023-09-29
1638,2847.3438266289736,2023-09-30
1639,8620.547959057705,2023-10-01
1640,5936.110288145933,2023-10-02
1641,9287.84158551406,2023-10-03
1642,8592.017112597998,2023-10-04
1643,2237.2075861019052,2023-10-05
1644,7350.208873729668,2023-10-06
1645,2818.767874779528,2023-10-07
1646,6567.867305645949,2023-10-08
1647,9945.675306132127,2023-10-09
1648,7027.367174548906,2023-10-10
1649,8356.3871600967,2023-10-11
1650,8961.988615914956,2023-10-12
1651,1119.9501947190413,2023-10-13
1652,8109.2466307283985,2023-10-14
1653,2746.0047444486195,2023-10-15
1654,1172.6245350701163,2023-10-16
1655,9165.423523700856,2023-10-17
1656,1678.272712883262,2023-10-18
1657,5498.747190438468,2023-10-19
1658,4267.750452881573,2023-10-20
1659,7677.777748724772,2023-10-21
1660,6883.039146107194,2023-10-22
1661,8467.97169971199,2023-10-23
1662,49992.06652325399,2023-10-24
1663,5379.718381189015,2023-10-25
1664,9396.553727593211,2023-10-26
1665,9274.182596216875,2023-10-27
1666,8349.4444404648,2023-10-28
1667,5699.742771137979,2023-10-29
1668,3360.8443475811237,2023-10-30
1669,5029.20656685699,2023-10-31
1670,7120.984440768572,2023-11-01
1671,5444.241136568282,2023-11-02
1672,6460.696942518311,2023-11-03
1673,7143.112955829407,2023-11-04
1674,1494.050368429643,2023-11-05
1675,4737.497184214518,2023-11-06
1676,7758.042714929593,2023-11-07
1677,3957.3176540796067,2023-11-08
1678,6472.769173173511,2023-11-09
1679,3056.2061611514036,2023-11-10
1680,7606.142754492248,2023-11-11
1681,1643.5113340579862,2023-11-12
1682,6562.10311849841,2023-11-13
1683,9651.406369268756,2023-11-14
1684,2241.64724624098,2023-11-15
1685,6930.136591677637,2023-11-16
1686,7710.943061872573,2023-11-17
1687,8884.685464524613,2023-11-18
1688,6464.838270742629,2023-11-19
1689,8494.912275836563,2023-11-20
1690,3063.41239177591,2023-11-21
1691,6046.153823277831,2023-11-22
1692,4249.256701332025,2023-11-23
1693,5372.977236752734,2023-11-24
1694,7968.616815451041,2023-11-25
1695,5251.138168361174,2023-11-26
1696,2967.727230336151,2023-11-27
1697,5178.684379983718,2023-11-28
1698,8572.099636432038,2023-11-29
1699,3328.923613559314,2023-11-30
1700,6754.87373216568,2023-12-01
1701,3059.3378527909845,2023-12-02
1702,5044.083750991544,2023-12-03
1703,8670.84729933366,2023-12-04
1704,6992.762023030662,2023-12-05
1705,4576.648409404817,2023-12-06
1706,8842.503355009896,2023-12-07
1707,4054.255211036747,2023-12-08
1708,3711.2028832650567,2023-12-09
1709,4896.753224628005,2023-12-10
1710,6201.753943700357,2023-12-11
1711,3646.106373355626,2023-12-12
1712,5249.870356390493,2023-12-13
1713,4471.701430411278,2023-12-14
1714,8376.214293982457,2023-12-15
1715,3409.7591874804616,2023-12-16
1716,7730.51646196987,2023-12-17
1717,9770.260618098146,2023-12-18
1718,8825.828574100127,2023-12-19
1719,3068.1818246255025,2023-12-20
1720,3909.5773028845497,2023-12-21
1721,2515.055601512831,2023-12-22
1722,1123.6097951863435,2023-12-23
1723,8737.809666577832,2023-12-24
1724,7072.370733178327,2023-12-25
1725,3578.9945202954627,2023-12-26
1726,5573.561330877209,2023-12-27
1727,3484.8937634665444,2023-12-28
1728,3301.435811051393,2023-12-29
1729,49992.06652325399,2023-12-30
1730,3516.894603114783,2023-12-31
1731,6447.69284164709,2024-01-01
1732,6078.252074688559,2024-01-02
1733,5527.396066930224,2024-01-03
1734,4519.11369347934,2024-01-04
1735,8480.07631754093,2024-01-05
1736,2118.3989619398208,2024-01-06
1737,2159.3793353959954,2024-01-07
1738,6894.364777347727,2024-01-08
1739,2120.46029856338,2024-01-09
1740,9044.130987519951,2024-01-10
1741,6882.978376955563,2024-01-11
1742,3114.270570687824,2024-01-12
1743,5604.892096517669,2024-01-13
1744,8654.13953252706,2024-01-14
1745,7567.061082003084,2024-01-15
1746,4677.4123191849285,2024-01-16
1747,4217.427806506781,2024-01-17
1748,8503.34499338278,2024-01-18
1749,6515.47605735673,2024-01-19
1750,5948.023707142046,2024-01-20
1751,6006.797408667603,2024-01-21
1752,1618.0839308372501,2024-01-22
1753,8675.872628376277,2024-01-23
1754,6370.599002682866,2024-01-24
1755,9817.46732882818,2024-01-25
1756,9356.7890476382,2024-01-26
1757,7948.076078879183,2024-01-27
1758,2738.61152677862,2024-01-28
1759,6643.835450864941,2024-01-29
1760,5511.959293193394,2024-01-30
1761,2936.542719709921,2024-01-31
1762,5346.345185808978,2024-02-01
1763,7275.790576410641,2024-02-02
1764,9308.725151823235,2024-02-03
1765,1843.9498433440071,2024-02-04
1766,1173.949356665098,2024-02-05
1767,6776.735290093259,2024-02-06
1768,5413.394692799332,2024-02-07
1769,9406.617942231878,2024-02-08
1770,3712.045987887671,2024-02-09
1771,8080.617722282842,2024-02-10
1772,2695.9338490746522,2024-02-11
1773,3393.692130397968,2024-02-12
1774,2082.697059556279,2024-02-13
1775,2237.8633474602348,2024-02-14
1776,7268.223688389593,2024-02-15
1777,4922.688595524753,2024-02-16
1778,8759.080901090103,2024-02-17
1779,7845.444051793629,2024-02-18
1780,4438.081291152211,2024-02-19
1781,49992.06652325399,2024-02-20
1782,3920.1071200556034,2024-02-21
1783,7128.868928107398,2024-02-22
1784,7339.302122427855,2024-02-23
1785,9823.91533227785,2024-02-24
1786,3332.022768068987,2024-02-25
1787,5404.3253265938365,2024-02-26
1788,3733.291339701922,2024-02-27
1789,7979.1065183220935,2024-02-28
1790,9602.527724361727,2024-02-29
1791,1532.7273448783023,2024-03-01
1792,4946.360431373307,2024-03-02
1793,3337.5436530813386,2024-03-03
1794,1124.3966611247474,2024-03-04
1795,6970.308712884551,2024-03-05
1796,1488.694874200732,2024-03-06
1797,8624.480620444745,2024-03-07
1798,9289.610580456541,2024-03-08
1799,5146.140335521299,2024-03-09
1800,4857.966202484644,2024-03-10
1801,1766.8951182130395,2024-03-11
1802,6010.937286861917,2024-03-12
1803,5525.140961832042,2024-03-13
1804,2588.2690153039375,2024-03-14
1805,8421.614930139267,2024-03-15
1806,8787.176088079384,2024-03-16
1807,1038.9641248234461,2024-03-17
1808,7089.84567780045,2024-03-18
1809,2614.3960556446564,2024-03-19
1810,1783.9519375582568,2024-03-20
1811,2136.6438744403167,2024-03-21
1812,3880.062688535372,2024-03-22
1813,7149.163391901816,2024-03-23
1814,3822.1043637288003,2024-03-24
1815,4188.036655947464,2024-03-25
1816,1162.5136040456805,2024-03-26
1817,1082.3851682916938,2024-03-27
1818,7583.356234015381,2024-03-28
1819,9033.852528517426,2024-03-29
1820,3141.457174625768,2024-03-30
1821,1041.6854613249895,2024-03-31
1822,2932.614383660972,2024-04-01
1823,5796.3668167732985,2024-04-02
1824,7721.917585768996,2024-04-03
1825,2308.8852657175016,2024-04-04
1826,6762.914211507734,2024-04-05
1827,6266.319720045719,2024-04-06
1828,5063.522057184384,2024-04-07
1829,4054.28965880253,2024-04-08
1830,5345.592836058303,2024-04-09
1831,2085.6157910861402,2024-04-10
1832,6527.7446634726475,2024-04-11
1833,7105.972332000606,2024-04-12
1834,9744.960902146731,2024-04-13
1835,9073.329989694019,2024-04-14
1836,4841.789178215131,2024-04-15
1837,8960.283349365709,2024-04-16
1838,4642.0865085760925,2024-04-17
1839,8206.611090194012,2024-04-18
1840,6507.821235385648,2024-04-19
1841,2483.1271423348276,2024-04-20
1842,8248.588551985344,2024-04-21
1843,7273.101160391934,2024-04-22
1844,1819.7723014913304,2024-04-23
1845,3676.643244664961,2024-04-24
1846,6280.444234877979,2024-04-25
1847,4820.285279992368,2024-04-26
1848,6736.635223689024,2024-04-27
1849,6281.235961337738,2024-04-28
1850,8606.108822794671,2024-04-29
1851,6747.919667776781,2024-04-30
1852,8559.253816697696,2024-05-01
1853,5325.880376425275,2024-05-02
1854,9330.314913617944,2024-05-03
1855,8035.1400701297725,2024-05-04
1856,9970.589428459481,2024-05-05
1857,7189.852662221079,2024-05-06
1858,6053.779866740545,2024-05-07
1859,7080.699227324919,2024-05-08
1860,7605.728773800161,2024-05-09
1861,2957.2961217428046,2024-05-10
1862,8357.85875291449,2024-05-11
1863,2073.706509687234,2024-05-12
1864,6873.990908805972,2024-05-13
1865,1443.0175526627647,2024-05-14
1866,4236.534864389927,2024-05-15
1867,6284.694447733728,2024-05-16
1868,8283.043277934834,2024-05-17
1869,9838.072460260697,2024-05-18
1870,4667.123224217788,2024-05-19
1871,7608.335571993462,2024-05-20
1872,8665.525288379606,2024-05-21
1873,7758.501074264691,2024-05-22
1874,9080.085212441069,2024-05-23
1875,6133.804686120599,2024-05-24
1876,6993.364479540429,2024-05-25
1877,1717.4801861348178,2024-05-26
1878,9248.537324637156,2024-05-27
1879,1358.8708795287557,2024-05-28
1880,9802.246335406353,2024-05-29
1881,4381.784165105453,2024-05-30
1882,3509.5664040070214,2024-05-31
1883,2855.4547410440555,2024-06-01
1884,5469.451538563424,2024-06-02
1885,9742.813632906778,2024-06-03
1886,4322.961668596308,2024-06-04
1887,1791.1365819797932,2024-06-05
1888,3266.2160071105045,2024-06-06
1889,1339.6186146596963,2024-06-07
1890,7407.232533942754,2024-06-08
1891,6271.088848885133,2024-06-09
1892,2891.797019236078,2024-06-10
1893,4483.857396566824,2024-06-11
1894,2750.1610608243345,2024-06-12
1895,8307.036102832797,2024-06-13
1896,9611.55488930297,2024-06-14
1897,9237.023059888716,2024-06-15
1898,8126.333890120216,2024-06-16
1899,8366.408003329949,2024-06-17
1900,6895.645944470146,2024-06-18
1901,6918.455129940126,2024-06-19
1902,1181.4891114360416,2024-06-20
1903,2843.676229319646,2024-06-21
1904,1759.2123217208443,2024-06-22
1905,6321.1729929114845,2024-06-23
1906,4035.9781764369445,2024-06-24
1907,4487.350937232075,2024-06-25
1908,1177.2736802029067,2024-06-26
1909,4596.130992694867,2024-06-27
1910,7423.313223117262,2024-06-28
1911,4872.994427819767,2024-06-29
1912,4198.625153079225,2024-06-30
1913,4640.080959959925,2024-07-01
1914,8494.899210676147,2024-07-02
1915,49992.06652325399,2024-07-03
1916,6484.2504453821675,2024-07-04
1917,1461.291448891828,2024-07-05
1918,7337.977609828919,2024-07-06
1919,8375.595077698743,2024-07-07
1920,4644.024751341559,2024-07-08
1921,3209.3822648496953,2024-07-09
1922,5474.859851794581,2024-07-10
1923,7163.9754529132,2024-07-11
1924,8759.269018423103,2024-07-12
1925,1918.2189087396082,2024-07-13
1926,8591.005404921892,2024-07-14
1927,6358.092614444189,2024-07-15
1928,6830.581821381027,2024-07-16
1929,6080.496410480897,2024-07-17
1930,4507.229391205208,2024-07-18
1931,7360.075365039002,2024-07-19
1932,7846.120644189459,2024-07-20
1933,8835.754650560404,2024-07-21
1934,2373.236168615111,2024-07-22
1935,4646.65843300348,2024-07-23
1936,1395.8078146299772,2024-07-24
1937,6307.712657300345,2024-07-25
1938,6420.301043720046,2024-07-26
1939,5541.881092024778,2024-07-27
1940,9955.513717933103,2024-07-28
1941,1657.4215421190568,2024-07-29
1942,4702.578090237057,2024-07-30
1943,7739.100455730296,2024-07-31
1944,8770.827718772103,2024-08-01
1945,4448.059951990956,2024-08-02
1946,5773.66264198485,2024-08-03
1947,7505.254078531495,2024-08-04
1948,6259.418297188196,2024-08-05
1949,9649.785577505309,2024-08-06
1950,7095.324329243682,2024-08-07
1951,9568.970938534285,2024-08-08
1952,7813.746564652245,2024-08-09
1953,8260.468716082087,2024-08-10
1954,4172.345104218042,2024-08-11
1955,9844.511270592408,2024-08-12
1956,1793.711245960164,2024-08-13
1957,3297.842257181864,2024-08-14
1958,2755.417433567148,2024-08-15
1959,8573.75978275386,2024-08-16
1960,3142.9872499253406,2024-08-17
1961,5550.8503353009455,2024-08-18
1962,2086.9710761629744,2024-08-19
1963,3274.188198121618,2024-08-20
1964,2717.8638568728043,2024-08-21
1965,5690.008158990573,2024-08-22
1966,3545.4626946498115,2024-08-23
1967,9750.998540429224,2024-08-24
1968,3466.3807355737995,2024-08-25
1969,7324.749663939295,2024-08-26
1970,3180.9907943460325,2024-08-27
1971,2837.4665562451028,2024-08-28
1972,5421.404483057633,2024-08-29
1973,3843.3636892595064,2024-08-30
1974,2762.8753371147022,2024-08-31
1975,6210.697207609024,2024-09-01
1976,1343.168926256358,2024-09-02
1977,5282.8444590848285,2024-09-03
1978,6990.439529624573,2024-09-04
1979,8748.28138427094,2024-09-05
1980,1805.3189919751314,2024-09-06
1981,7244.1750648263605,2024-09-07
1982,1690.4358063799887,2024-09-08
1983,1808.4080417617997,2024-09-09
1984,2771.596411830405,2024-09-10
1985,1370.307787054871,2024-09-11
1986,5230.044581235961,2024-09-12
1987,4548.65513928314,2024-09-13
1988,8700.429645710197,2024-09-14
1989,5416.6794863081695,2024-09-15
1990,5191.210043201789,2024-09-16
1991,3460.365064547012,2024-09-17
1992,9866.936123055786,2024-09-18
1993,4691.806932037722,2024-09-19
1994,7447.192722575269,2024-09-20
1995,7295.519462211235,2024-09-21
1996,9306.480910150049,2024-09-22
1997,2599.9892528460337,2024-09-23
1998,9901.161650620432,2024-09-24
1999,1202.6877272757501,2024-09-25
2000,6114.602786707754,2024-09-26
2001,6355.557993405597,2024-09-27
2002,2010.47242073815,2024-09-28
2003,7936.679804996988,2024-09-29
2004,4421.201004184262,2024-09-30
2005,3395.210715352837,2024-10-01
2006,8302.999003125027,2024-10-02
2007,49992.06652325399,2024-10-03
2008,2243.6554752571474,2024-10-04
2009,9024.340674505263,2024-10-05
2010,8611.497966094405,2024-10-06
2011,5737.662325952365,2024-10-07
2012,1693.8976091427824,2024-10-08
2013,8779.454513128823,2024-10-09
2014,6942.479654757296,2024-10-10
2015,2127.858297683524,2024-10-11
2016,2153.7560121136376,2024-10-12
2017,3623.8775483763534,2024-10-13
2018,6085.190519650665,2024-10-14
2019,2875.177313423919,2024-10-15
2020,4679.130821336757,2024-10-16
2021,1960.818702655376,2024-10-17
2022,4632.966304664325,2024-10-18
2023,9316.101697385871,2024-10-19
2024,3966.8923102925028,2024-10-20
2025,9160.087804645318,2024-10-21
2026,2005.0828508938637,2024-10-22
2027,5440.084603550656,2024-10-23
2028,2250.2953909055623,2024-10-24
2029,7753.485105368199,2024-10-25
2030,1063.483721056897,2024-10-26
2031,3991.457680751505,2024-10-27
2032,2870.0790422200944,2024-10-28
2033,4819.751767447968,2024-10-29
2034,7733.628092607194,2024-10-30
2035,5433.066956236585,2024-10-31
2036,2381.7853437233784,2024-11-01
2037,7519.310193502215,2024-11-02
2038,1595.092837455899,2024-11-03
2039,9200.218579471133,2024-11-04
2040,2584.301215906213,2024-11-05
2041,5543.613181749104,2024-11-06
2042,9750.577796860356,2024-11-07
2043,8566.094934955,2024-11-08
2044,2945.3357091733023,2024-11-09
2045,8782.281539493046,2024-11-10
2046,4076.4639827976403,2024-11-11
2047,5964.117929582177,2024-11-12
2048,5915.017766706166,2024-11-13
2049,7464.114235670476,2024-11-14
2050,5810.011494147619,2024-11-15
2051,8363.149206825674,2024-11-16
2052,3615.808507222394,2024-11-17
2053,5918.8865351257455,2024-11-18
2054,9934.968790917845,2024-11-19
2055,1739.7203422232008,2024-11-20
2056,4047.349723348827,2024-11-21
2057,6324.636376166229,2024-11-22
2058,6908.775891707616,2024-11-23
2059,8157.607203056454,2024-11-24
2060,4906.404011618219,2024-11-25
2061,3980.458901767961,2024-11-26
2062,1300.3442342124927,2024-11-27
2063,9450.287674870906,2024-11-28
2064,9515.342366062985,2024-11-29
2065,9444.01995145933,2024-11-30
2066,7332.831731206055,2024-12-01
2067,4333.17868586537,2024-12-02
2068,5425.285810515392,2024-12-03
2069,2716.521736197058,2024-12-04
2070,7334.749263767158,2024-12-05
2071,4315.886922029747,2024-12-06
2072,9851.366361734425,2024-12-07
2073,6375.941959867269,2024-12-08
2074,1248.2018545191606,2024-12-09
2075,2566.9343219073576,2024-12-10
2076,5600.857427126499,2024-12-11
2077,9131.172833248162,2024-12-12
2078,1074.7672407463367,2024-12-13
2079,3476.8183360330167,2024-12-14
2080,7617.896917012833,2024-12-15
2081,4071.309077301908,2024-12-16
2082,8601.062145956983,2024-12-17
2083,9589.408851543381,2024-12-18
2084,1014.570241186942,2024-12-19
2085,8520.889837505276,2024-12-20
2086,8037.888324955199,2024-12-21
2087,7891.023942030375,2024-12-22
2088,1645.4016412976712,2024-12-23
2089,7478.475015442761,2024-12-24
2090,5313.092951534004,2024-12-25
2091,5688.89054119417,2024-12-26
2092,3768.563043948608,2024-12-27
2093,3263.401480050228,2024-12-28
2094,9415.944724976313,2024-12-29
2095,1552.1717778485386,2024-12-30
2096,2212.9843014185512,2024-12-31
2097,9115.666095237502,2025-01-01
2098,4721.303708342116,2025-01-02
2099,7673.632835534827,2025-01-03
2100,4278.4067218583505,2025-01-04
2101,5349.736984571606,2025-01-05
2102,1016.6230230448554,2025-01-06
2103,6306.575993238778,2025-01-07
2104,4551.037126250956,2025-01-08
2105,9328.708292395893,2025-01-09
2106,8203.502113631683,2025-01-10
2107,1390.5641391975832,2025-01-11
2108,2788.159253668112,2025-01-12
2109,8082.896310482599,2025-01-13
2110,6708.836096554554,2025-01-14
2111,4182.723047766015,2025-01-15
2112,7400.300820831641,2025-01-16
2113,9172.7204949048,2025-01-17
2114,1901.1694946564803,2025-01-18
2115,2073.717756980779,2025-01-19
2116,2068.23735887494,2025-01-20
2117,3783.468288739167,2025-01-21
2118,3919.480312389139,2025-01-22
2119,7861.589717171806,2025-01-23
2120,2415.7141876219375,2025-01-24
2121,3864.870851948494,2025-01-25
2122,7541.271531421492,2025-01-26
2123,5715.711258247666,2025-01-27
2124,1741.2280404412754,2025-01-28
2125,7667.0482292737925,2025-01-29
2126,4705.009004159616,2025-01-30
2127,49992.06652325399,2025-01-31
2128,1807.3253772008916,2025-02-01
2129,5222.554917474506,2025-02-02
2130,2364.552699701551,2025-02-03
2131,3270.215973592573,2025-02-04
2132,8042.681502251289,2025-02-05
2133,1692.675367642531,2025-02-06
2134,2033.7935109642883,2025-02-07
2135,4928.168702023568,2025-02-08
2136,4138.612540018189,2025-02-09
2137,7585.747235865711,2025-02-10
2138,4849.342012519228,2025-02-11
2139,8527.968660429733,2025-02-12
2140,2869.3405391524257,2025-02-13
2141,7714.938411351282,2025-02-14
2142,6056.543229858443,2025-02-15
2143,2056.780017470045,2025-02-16
2144,8499.329864704232,2025-02-17
2145,3410.6024763379246,2025-02-18
2146,5446.153342651353,2025-02-19
2147,8362.739765812064,2025-02-20
2148,3276.665461753539,2025-02-21
2149,5458.04127179275,2025-02-22
2150,7962.507824362298,2025-02-23
2151,8815.790864940263,2025-02-24
2152,6358.9526650274465,2025-02-25
2153,6709.250379335325,2025-02-26
2154,8353.833326934815,2025-02-27
2155,9687.24740133943,2025-02-28
2156,6761.865595543054,2025-03-01
2157,1889.4078561505614,2025-03-02
2158,4589.263560758194,2025-03-03
2159,5539.255851249325,2025-03-04
2160,3483.479889840834,2025-03-05
2161,3874.111527300651,2025-03-06
2162,4708.389378634782,2025-03-07
2163,5527.073299025664,2025-03-08
2164,2026.9970203476137,2025-03-09
2165,3303.3688726498694,2025-03-10
2166,5311.390046963725,2025-03-11
2167,6688.4208129355775,2025-03-12
2168,4296.619129574827,2025-03-13
2169,2349.147142698745,2025-03-14
2170,6106.066285242443,2025-03-15
2171,4063.3996172433935,2025-03-16
2172,1935.535821929675,2025-03-17
2173,8048.2925287292655,2025-03-18
2174,5859.132997852492,2025-03-19
2175,6664.435247063463,2025-03-20
2176,4296.869591729923,2025-03-21
2177,8311.396891783961,2025-03-22
2178,5431.134050443273,2025-03-23
2179,5135.982307485159,2025-03-24
2180,4441.377341020716,2025-03-25
2181,4666.179818939416,2025-03-26
2182,8010.196501236441,2025-03-27
2183,7566.822011163068,2025-03-28
2184,4133.229739958103,2025-03-29
2185,9234.012371910616,2025-03-30
2186,6004.965776135775,2025-03-31
2187,9797.680818645904,2025-04-01
2188,7649.652905590396,2025-04-02
2189,5703.581251541326,2025-04-03
2190,1805.2969957820674,2025-04-04
2191,6864.022876337211,2025-04-05
2192,7573.062618256693,2025-04-06
2193,4231.395244429194,2025-04-07
2194,2284.985589411123,2025-04-08
2195,6832.823811637453,2025-04-09
2196,9921.904179607858,2025-04-10
2197,4897.450233297761,2025-04-11
2198,2794.191327977982,2025-04-12
2199,9131.40361537469,2025-04-13
2200,5930.85258236517,2025-04-14
2201,5498.247529049838,2025-04-15
2202,3174.4608883156416,2025-04-16
2203,2795.517069482109,2025-04-17
2204,9696.787099423887,2025-04-18
2205,3872.5195087693005,2025-04-19
2206,7049.873433687922,2025-04-20
2207,8917.497451998861,2025-04-21
2208,3376.727151424013,2025-04-22
2209,49992.06652325399,2025-04-23
2210,2509.740767803375,2025-04-24
2211,3759.0957301298813,2025-04-25
2212,5675.306119013427,2025-04-26
2213,1647.4779341973413,2025-04-27
2214,1456.3675323250427,2025-04-28
2215,1871.8351383666693,2025-04-29
2216,8176.888294950513,2025-04-30
2217,5761.882503534576,2025-05-01
2218,7262.600371655924,2025-05-02
2219,2613.58445805323,2025-05-03
2220,9773.588093615745,2025-05-04
2221,6983.954679194009,2025-05-05
2222,1548.040746659878,2025-05-06
2223,7676.497805869532,2025-05-07
2224,9619.127012645406,2025-05-08
2225,7057.169944283046,2025-05-09
2226,49992.06652325399,2025-05-10
2227,7112.71768826549,2025-05-11
2228,3617.3795686568014,2025-05-12
2229,5589.266470424113,2025-05-13
2230,2275.253033613644,2025-05-14
2231,3322.184309105188,2025-05-15
2232,8487.928484961998,2025-05-16
2233,8685.134282765537,2025-05-17
2234,9590.038236061968,2025-05-18
2235,8684.334741088212,2025-05-19
2236,7342.498642636145,2025-05-20
2237,6886.248035062066,2025-05-21
2238,5813.712716822257,2025-05-22
2239,6105.850046640733,2025-05-23
2240,7525.637279235389,2025-05-24
2241,4757.04023551288,2025-05-25
2242,7338.070217336729,2025-05-26
2243,4267.436847843994,2025-05-27
2244,3343.9260386106025,2025-05-28
2245,9205.588203458761,2025-05-29
2246,8501.879290698658,2025-05-30
2247,1755.3480460810938,2025-05-31
2248,2780.4637897697594,2025-06-01
2249,8239.566679057049,2025-06-02
2250,4518.228362191726,2025-06-03
2251,6872.11241006862,2025-06-04
2252,8132.885425071385,2025-06-05
2253,3863.3920363849115,2025-06-06
2254,5218.646374767304,2025-06-07
2255,4376.38177353998,2025-06-08
2256,6751.219361789831,2025-06-09
2257,1928.3750122054755,2025-06-10
2258,1687.1434200614453,2025-06-11
2259,5595.5960067828555,2025-06-12
2260,2488.4234703642587,2025-06-13
2261,4498.576709271703,2025-06-14
2262,4352.045322288166,2025-06-15
2263,9038.155789037544,2025-06-16
2264,7636.004501651012,2025-06-17
2265,9993.804787961102,2025-06-18
2266,4020.840360660101,2025-06-19
2267,3442.2816784625925,2025-06-20
2268,5934.8464393842005,2025-06-21
2269,6131.808149109516,2025-06-22
2270,7142.398369939182,2025-06-23
2271,1252.683159200312,2025-06-24
2272,3174.8278587175937,2025-06-25
2273,9817.533010992194,2025-06-26
2274,6855.68020306836,2025-06-27
2275,6724.452114082061,2025-06-28
2276,5575.042881597858,2025-06-29
2277,3638.9558983125717,2025-06-30
2278,2079.2853015706937,2025-07-01
2279,8212.804438210223,2025-07-02
2280,4790.506405464964,2025-07-03
2281,2342.7176317188173,2025-07-04
2282,8229.931701713766,2025-07-05
2283,6671.3222995254055,2025-07-06
2284,8940.24053657927,2025-07-07
2285,6266.087089215555,2025-07-08
2286,6477.613447583561,2025-07-09
2287,3814.753546958417,2025-07-10
2288,6891.9160499947975,2025-07-11
2289,4092.770586436695,2025-07-12
2290,5016.600245828689,2025-07-13
2291,2246.222557585511,2025-07-14
2292,1820.7761185932295,2025-07-15
2293,9280.393866478755,2025-07-16
2294,5717.451364571954,2025-07-17
2295,1035.6846059439213,2025-07-18
2296,6152.461003281907,2025-07-19
2297,9699.90670518129,2025-07-20
2298,3885.5215801002364,2025-07-21
2299,9249.846820374201,2025-07-22
2300,5209.096987204546,2025-07-23
2301,6917.99063876642,2025-07-24
2302,8114.7908750458455,2025-07-25
2303,4995.7629870671235,2025-07-26
2304,3882.902783410006,2025-07-27
2305,1792.9388901069506,2025-07-28
2306,7022.874077347513,2025-07-29
2307,8070.838525407519,2025-07-30
2308,3417.9151147375683,2025-07-31
2309,9232.333209361099,2025-08-01
2310,6422.033277709542,2025-08-02
2311,6395.4559920489755,2025-08-03
2312,8640.047265156307,2025-08-04
2313,6193.872232623445,2025-08-05
2314,1643.6141939900072,2025-08-06
2315,5503.7249805345955,2025-08-07
2316,7559.57168429474,2025-08-08
2317,4023.0392979299113,2025-08-09
2318,7381.824757837787,2025-08-10
2319,6482.323492574389,2025-08-11
2320,7602.769441055962,2025-08-12
2321,6350.032822342249,2025-08-13
2322,8830.265493552302,2025-08-14
2323,6773.204624217117,2025-08-15
2324,2080.0496609884303,2025-08-16
2325,2747.7502865217866,2025-08-17
2326,9744.322459123385,2025-08-18
2327,1066.2962299633439,2025-08-19
2328,7491.019275491034,2025-08-20
2329,8168.329302156278,2025-08-21
2330,7657.791695592466,2025-08-22
2331,7926.942084901121,2025-08-23
2332,9874.827806097055,2025-08-24
2333,4387.802922108307,2025-08-25
2334,4201.868022954563,2025-08-26
2335,8582.0715453575,2025-08-27
2336,5975.818909691075,2025-08-28
2337,2097.1762198402284,2025-08-29
2338,6519.847731546442,2025-08-30
2339,2503.881530939605,2025-08-31
2340,8155.152277666974,2025-09-01
2341,7051.544926688063,2025-09-02
2342,5235.177045116782,2025-09-03
2343,4386.98498727067,2025-09-04
2344,7177.913415633572,2025-09-05
2345,4306.991988385864,2025-09-06
2346,3776.1407404864867,2025-09-07
2347,8934.070353926767,2025-09-08
2348,1091.6971985487223,2025-09-09
2349,9937.371228641745,2025-09-10
2350,6385.782170034384,2025-09-11
2351,49992.06652325399,2025-09-12
2352,3694.859388610427,2025-09-13
2353,8259.785431322945,2025-09-14
2354,8296.641131981465,2025-09-15
2355,3982.6459229069633,2025-09-16
2356,6413.835474422943,2025-09-17
2357,3487.8318212336444,2025-09-18
2358,9497.425736522793,2025-09-19
2359,6194.821246604919,2025-09-20
2360,8001.741331479474,2025-09-21
2361,9757.1633304309,2025-09-22
2362,8335.890940820223,2025-09-23
2363,8236.403251277265,2025-09-24
2364,5369.187195143772,2025-09-25
2365,7482.726960161875,2025-09-26
2366,5330.862179162167,2025-09-27
2367,1066.0817261733266,2025-09-28
2368,3060.407144668093,2025-09-29
2369,2613.9227683587005,2025-09-30
2370,3185.765573554258,2025-10-01
2371,3221.384265074506,2025-10-02
2372,5254.415491570428,2025-10-03
2373,5833.8630946380545,2025-10-04
2374,5872.343802453345,2025-10-05
2375,9831.251953264942,2025-10-06
2376,6720.810028016336,2025-10-07
2377,4685.181841239643,2025-10-08
2378,7771.7314249771625,2025-10-09
2379,7503.2529225139015,2025-10-10
2380,4374.979619875706,2025-10-11
2381,8725.710469108399,2025-10-12
2382,8396.726893443993,2025-10-13
2383,7337.299044144834,2025-10-14
2384,9954.834028401743,2025-10-15
2385,6134.366264606022,2025-10-16
2386,7974.52671758448,2025-10-17
2387,3358.5554656648865,2025-10-18
2388,4308.688017869492,2025-10-19
2389,3505.814793892534,2025-10-20
2390,9514.92878810773,2025-10-21
2391,8013.140087348346,2025-10-22
2392,7666.836404062056,2025-10-23
2393,8433.945452936101,2025-10-24
2394,2124.6464829252113,2025-10-25
2395,7027.513358772203,2025-10-26
2396,3498.181717520344,2025-10-27
2397,49992.06652325399,2025-10-28
2398,5182.090217853303,2025-10-29
2399,4408.7098920390035,2025-10-30
2400,3040.4003312268737,2025-10-31
2401,9982.117807738663,2025-11-01
2402,1136.0652725355442,2025-11-02
2403,9127.22224747534,2025-11-03
2404,2608.2292864352403,2025-11-04
2405,4665.6399432230655,2025-11-05
2406,7251.765184474634,2025-11-06
2407,3624.7501224193525,2025-11-07
2408,3653.295842721174,2025-11-08
2409,5012.875492986401,2025-11-09
2410,3741.164576916986,2025-11-10
2411,5846.120621472557,2025-11-11
2412,2632.7804754150065,2025-11-12
2413,8762.866995281636,2025-11-13
2414,3112.1554595120238,2025-11-14
2415,7281.965398547067,2025-11-15
2416,3475.8202802531623,2025-11-16
2417,9998.413304650798,2025-11-17
2418,9532.22323451491,2025-11-18
2419,9635.662919415063,2025-11-19
2420,6851.634353567947,2025-11-20
2421,2849.807791240417,2025-11-21
2422,9298.805718640964,2025-11-22
2423,49992.06652325399,2025-11-23
2424,6483.1708764003915,2025-11-24
2425,7307.647612596324,2025-11-25
2426,7338.326376010783,2025-11-26
2427,6931.484803282049,2025-11-27
2428,5575.356259017964,2025-11-28
2429,8114.110374222733,2025-11-29
2430,3212.1255542340905,2025-11-30
2431,7029.629954708518,2025-12-01
2432,2341.5511661286546,2025-12-02
2433,2599.206707678334,2025-12-03
2434,7219.514002732067,2025-12-04
2435,6511.471482068875,2025-12-05
2436,6839.089441524542,2025-12-06
2437,9796.52288949649,2025-12-07
2438,4384.774632650666,2025-12-08
2439,2905.336942954851,2025-12-09
2440,8167.245444833231,2025-12-10
2441,2866.557548474871,2025-12-11
2442,6504.837910579379,2025-12-12
2443,4264.561349005124,2025-12-13
2444,5616.456387304904,2025-12-14
2445,5051.112374357077,2025-12-15
2446,5533.531807798107,2025-12-16
2447,3955.125666043101,2025-12-17
2448,6724.577730057965,2025-12-18
2449,3215.4588284119927,2025-12-19
2450,6569.760475573005,2025-12-20
2451,4130.39720632822,2025-12-21
2452,1932.7240019201267,2025-12-22
2453,7019.1614156754395,2025-12-23
2454,7887.35015951326,2025-12-24
2455,4617.505742318914,2025-12-25
2456,49992.06652325399,2025-12-26
2457,6117.786159636637,2025-12-27
2458,7635.751992264626,2025-12-28
2459,9173.203425321382,2025-12-29
2460,5653.463993470022,2025-12-30
2461,9090.543109835193,2025-12-31
2462,3440.821832396104,2026-01-01
2463,9460.680402742135,2026-01-02
2464,7766.506651849429,2026-01-03
2465,3691.2980924879002,2026-01-04
2466,9920.618758847877,2026-01-05
2467,8485.7678781955,2026-01-06
2468,8498.127784578479,2026-01-07
2469,9335.770243372874,2026-01-08
2470,6455.0282926381615,2026-01-09
2471,6345.623149624818,2026-01-10
2472,9651.716896856207,2026-01-11
2473,9292.43564031085,2026-01-12
2474,6305.668741061473,2026-01-13
2475,3961.9484270522767,2026-01-14
2476,8127.78417721536,2026-01-15
2477,2607.098446078956,2026-01-16
2478,4892.904388366574,2026-01-17
2479,3967.3438897773685,2026-01-18
2480,1103.1004706589438,2026-01-19
2481,2159.4024882560616,2026-01-20
2482,7467.711080214542,2026-01-21
2483,8248.930628212032,2026-01-22
2484,2511.14529730709,2026-01-23
2485,6355.188071055357,2026-01-24
2486,5041.10563643702,2026-01-25
2487,4022.28099307477,2026-01-26
2488,7726.694599571944,2026-01-27
2489,2440.268541956548,2026-01-28
2490,7669.063884580983,2026-01-29
2491,4789.485483035023,2026-01-30
2492,7954.759224311991,2026-01-31
2493,4820.806472148708,2026-02-01
2494,4648.3084371774,2026-02-02
2495,9247.819113914442,2026-02-03
2496,3478.0591044783932,2026-02-04
2497,7361.89078458054,2026-02-05
2498,8082.72815139777,2026-02-06
2499,6640.469591945917,2026-02-07
2500,7288.330912407869,2026-02-08
